,,,,,,
,EXPOSURE TO SENSITIVE SECTORS OF SCHEDULED COMMERCIAL BANKS,,,,,
,,,,,,
,(Amount in â‚¹ Crores),,,,,
,,,,,,
,Year,Banks,Advances to sensitive sectors as on March 31,,,
,,,Capital Market Sector,Real Estate Sector,Commodities,Total
,,,(1),(2),(3),(4)
,2025,BANK OF BARODA,"4,754.06","205,573.33",-,"210,327.39"
,,BANK OF INDIA,"4,951.17","108,983.80",-,"113,934.97"
,,BANK OF MAHARASHTRA,281.39,"62,531.01",-,"62,812.40"
,,CANARA BANK,"6,346.43","170,282.80",-,"176,629.23"
,,CENTRAL BANK OF INDIA,"1,367.74","79,506.97",-,"80,874.71"
,,INDIAN BANK,"2,444.58","106,786.63",-,"109,231.21"
,,INDIAN OVERSEAS BANK,"1,297.19","40,633.82",-,"41,931.01"
,,PUNJAB AND SIND BANK,996.08,"18,582.53",-,"19,578.61"
,,PUNJAB NATIONAL BANK,"4,260.35","264,177.06",-,"268,437.41"
,,STATE BANK OF INDIA,"53,637.10","1,088,703.32",-,"1,142,340.42"
,,UCO BANK,786.17,"39,715.50",-,"40,501.67"
,,UNION BANK OF INDIA,"6,802.20","153,992.45",-,"160,794.65"
,,PUBLIC SECTOR BANKS,"87,924.46","2,339,469.22",-,"2,427,393.68"
,,AXIS BANK LIMITED,"41,958.86","306,323.41",-,"348,282.27"
,,BANDHAN BANK LIMITED,811.37,"41,410.29",-,"42,221.66"
,,CITY UNION BANK LIMITED,9.23,"6,618.97",-,"6,628.20"
,,CSB BANK LIMITED,602.52,"1,657.48",-,"2,260.00"
,,DCB BANK LIMITED,155.50,"16,697.95",-,"16,853.45"
,,DHANLAXMI BANK LIMITED,19.83,"1,824.42",-,"1,844.25"
,,FEDERAL BANK LTD,"3,354.22","51,157.09",-,"54,511.31"
,,HDFC BANK LTD.,"58,115.47","925,670.76",-,"983,786.23"
,,ICICI BANK LIMITED,"54,468.57","602,173.53",-,"656,642.10"
,,IDBI BANK LIMITED,"2,123.00","92,019.00",-,"94,142.00"
,,IDFC FIRST BANK LIMITED,"5,967.42","34,528.77",-,"40,496.19"
,,INDUSIND BANK LTD,"5,711.68","58,266.83",-,"63,978.51"
,,JAMMU & KASHMIR BANK LTD,107.54,"22,585.91",-,"22,693.45"
,,KARNATAKA BANK LTD,205.03,"15,469.12",-,"15,674.15"
,,KARUR VYSYA BANK LTD,497.79,"14,556.99",-,"15,054.78"
,,KOTAK MAHINDRA BANK LTD.,"12,580.15","78,594.44",-,"91,174.59"
,,NAINITAL BANK LTD,-,"1,456.30",-,"1,456.30"
,,RBL BANK LTD,"2,255.31","15,783.60",-,"18,038.91"
,,SOUTH INDIAN BANK LTD,73.72,"10,362.24",-,"10,435.96"
,,TAMILNAD MERCANTILE BANK LTD,28.60,"5,178.36",-,"5,206.95"
,,YES BANK LTD.,"2,899.64","36,697.69",-,"39,597.33"
,,PRIVATE SECTOR BANKS,"191,945.45","2,339,033.15",-,"2,530,978.61"
,,AB BANK PLC,-,-,-,-
,,AMERICAN EXPRESS BANKING CORP.,15.84,21.82,-,37.66
,,AUSTRALIA AND NEW ZEALAND BANKING GROUP LIMITED,-,-,-,-
,,"BANK OF AMERICA , NATIONAL ASSOCIATION",375.00,-,-,375.00
,,BANK OF BAHRAIN & KUWAIT B.S.C.,-,27.75,-,27.75
,,BANK OF CEYLON,-,27.73,-,27.73
,,BANK OF CHINA LIMITED,-,-,-,-
,,BANK OF NOVA SCOTIA,-,-,-,-
,,BARCLAYS BANK PLC,105.00,885.32,-,990.32
,,BNP PARIBAS,0.01,300.00,-,300.01
,,CITIBANK N.A,"6,997.52","3,039.29",-,"10,036.80"
,,COOPERATIEVE RABOBANK U.A.,-,-,-,-
,,CREDIT AGRICOLE CORPORATE AND INVESTMENT BANK,-,0.76,-,0.76
,,"CTBC BANK CO., LTD.",2.30,92.96,-,95.26
,,DBS BANK INDIA LIMITED,"1,075.45","13,168.99",-,"14,244.44"
,,DEUTSCHE BANK AG,"3,855.59","25,133.36",-,"28,988.96"
,,DOHA BANK Q.P.S.C.,-,101.04,-,101.04
,,EMIRATES NBD BANK (P.J.S.C.),-,-,-,-
,,FIRST ABU DHABI BANK PJSC,-,499.00,-,499.00
,,FIRSTRAND BANK LTD,-,-,-,-
,,INDUSTRIAL AND COMMERCIAL BANK OF CHINA,-,-,-,-
,,INDUSTRIAL BANK OF KOREA,-,95.00,-,95.00
,,JPMORGAN CHASE BANK NATIONAL ASSOCIATION,-,70.75,-,70.75
,,JSC VTB BANK,-,-,-,-
,,KEB HANA BANK,-,319.00,-,319.00
,,KOOKMIN BANK,-,-,-,-
,,MASHREQ BANK PSC,-,400.00,-,400.00
,,MIZUHO BANK LTD,-,485.84,-,485.84
,,"MUFG BANK, LTD.",950.00,257.45,-,"1,207.45"
,,NATWEST MARKETS PLC,-,-,-,-
,,NONGHYUP BANK,-,-,-,-
,,PT BANK MAYBANK INDONESIA TBK,-,-,-,-
,,QATAR NATIONAL BANK (Q.P.S.C),-,30.38,-,30.38
,,SBERBANK,1.71,-,-,1.71
,,SBM BANK (INDIA) LIMITED,153.40,"1,140.67",-,"1,294.07"
,,SHINHAN BANK,-,"4,167.20",-,"4,167.20"
,,SOCIETE GENERALE,-,85.04,-,85.04
,,SONALI BANK PLC,-,-,-,-
,,STANDARD CHARTERED BANK,"3,357.09","34,313.69",-,"37,670.77"
,,SUMITOMO MITSUI BANKING CORPORATION,725.00,"1,724.54",-,"2,449.54"
,,THE HONGKONG AND SHANGHAI BANKING CORPORATION LIMITED,"7,934.06","51,014.20",-,"58,948.26"
,,UBS AG,20.00,-,-,20.00
,,UNITED OVERSEAS BANK LTD,-,-,-,-
,,WOORI BANK,-,-,-,-
,,FOREIGN BANKS,"25,567.96","137,401.77",-,"162,969.72"
,,AU SMALL FINANCE BANK LIMITED,534.98,"18,979.10",-,"19,514.08"
,,CAPITAL SMALL FINANCE BANK LIMITED,4.21,"2,092.85",-,"2,097.06"
,,EQUITAS SMALL FINANCE BANK LIMITED,43.64,"19,594.20",-,"19,637.84"
,,ESAF SMALL FINANCE BANK LIMITED,22.51,846.62,-,869.13
,,JANA SMALL FINANCE BANK LIMITED,29.15,"5,789.51",-,"5,818.66"
,,NORTH EAST SMALL FINANCE BANK LIMITED,-,0.31,-,0.31
,,SHIVALIK SMALL FINANCE BANK LIMITED,-,242.10,-,242.10
,,SURYODAY SMALL FINANCE BANK LIMITED,-,"1,200.39",-,"1,200.39"
,,UJJIVAN SMALL FINANCE BANK LIMITED,476.98,"9,599.76",-,"10,076.74"
,,UNITY SMALL FINANCE BANK LIMITED,63.52,50.20,-,113.72
,,UTKARSH SMALL FINANCE BANK LIMITED,2.79,"5,110.83",-,"5,113.62"
,,SMALL FINANCE BANKS,"1,177.78","63,505.88",-,"64,683.66"
,,AIRTEL PAYMENTS BANK LIMITED,-,-,-,-
,,FINO PAYMENTS BANK LIMITED,0.08,-,-,0.08
,,INDIA POST PAYMENTS BANK LIMITED,-,-,-,-
,,PAYTM PAYMENTS BANK LIMITED,-,-,-,-
,,PAYMENTS BANKS,0.08,-,-,0.08
,2025,ALL SCHEDULED COMMERCIAL BANKS,"306,615.73","4,879,410.02",-,"5,186,025.75"
,2024,BANK OF BARODA,"3,480.69","179,892.66",-,"183,373.35"
,,BANK OF INDIA,"2,608.28","81,444.61",-,"84,052.89"
,,BANK OF MAHARASHTRA,150.34,"48,248.80",-,"48,399.14"
,,CANARA BANK,"4,560.83","153,072.64",-,"157,633.47"
,,CENTRAL BANK OF INDIA,"1,046.81","63,405.37",-,"64,452.18"
,,INDIAN BANK,"3,126.10","99,429.93",-,"102,556.03"
,,INDIAN OVERSEAS BANK,"1,053.35","36,461.84",-,"37,515.19"
,,PUNJAB AND SIND BANK,732.99,"14,090.70",-,"14,823.69"
,,PUNJAB NATIONAL BANK,"2,834.25","225,779.71",-,"228,613.96"
,,STATE BANK OF INDIA,"42,116.41","947,857.57",-,"989,973.98"
,,UCO BANK,425.12,"36,856.18",-,"37,281.30"
,,UNION BANK OF INDIA,"5,952.89","144,533.46",-,"150,486.35"
,,PUBLIC SECTOR BANKS,"68,088.06","2,031,073.47",-,"2,099,161.53"
,,AXIS BANK LIMITED,"27,741.30","304,722.19",-,"332,463.49"
,,BANDHAN BANK LIMITED,"1,207.55","35,635.91",-,"36,843.46"
,,CITY UNION BANK LIMITED,4.76,"5,215.41",-,"5,220.17"
,,CSB BANK LIMITED,3.79,"1,697.74",-,"1,701.52"
,,DCB BANK LIMITED,259.36,"14,776.66",-,"15,036.01"
,,DHANLAXMI BANK LIMITED,36.44,"1,729.51",-,"1,765.95"
,,FEDERAL BANK LTD,"3,369.03","48,999.62",-,"52,368.65"
,,HDFC BANK LTD.,"47,273.27","935,943.56",-,"983,216.83"
,,ICICI BANK LIMITED,"47,845.13","526,885.98",-,"574,731.11"
,,IDBI BANK LIMITED,"1,980.00","83,660.00",-,"85,640.00"
,,IDFC FIRST BANK LIMITED,"3,098.36","29,543.12",-,"32,641.48"
,,INDUSIND BANK LTD,"7,061.04","46,607.22",-,"53,668.26"
,,JAMMU & KASHMIR BANK LTD,90.55,"19,430.97",-,"19,521.52"
,,KARNATAKA BANK LTD,233.00,"15,127.29",-,"15,360.29"
,,KARUR VYSYA BANK LTD,385.23,"12,999.85",-,"13,385.08"
,,KOTAK MAHINDRA BANK LTD.,"14,425.89","76,239.77",-,"90,665.67"
,,NAINITAL BANK LTD,-,"1,243.66",-,"1,243.66"
,,RBL BANK LTD,"2,777.17","11,231.22",-,"14,008.39"
,,SOUTH INDIAN BANK LTD,160.23,"7,550.44",-,"7,710.67"
,,TAMILNAD MERCANTILE BANK LTD,32.75,"5,358.41",-,"5,391.16"
,,YES BANK LTD.,"4,198.81","34,749.03",-,"38,947.83"
,,PRIVATE SECTOR BANKS,"162,183.65","2,219,347.55",-,"2,381,531.20"
,,AB BANK LIMITED,-,-,-,-
,,AMERICAN EXPRESS BANKING CORP.,15.88,9.44,-,25.32
,,AUSTRALIA AND NEW ZEALAND BANKING GROUP LIMITED,-,-,-,-
,,"BANK OF AMERICA , NATIONAL ASSOCIATION",375.00,-,-,375.00
,,BANK OF BAHRAIN & KUWAIT B.S.C.,-,30.42,-,30.42
,,BANK OF CEYLON,-,56.54,-,56.54
,,BANK OF CHINA LIMITED,-,-,-,-
,,BANK OF NOVA SCOTIA,-,-,-,-
,,BARCLAYS BANK PLC,105.00,666.77,-,771.77
,,BNP PARIBAS,0.01,300.00,-,300.01
,,CITIBANK N.A,"2,097.46","1,483.56",-,"3,581.02"
,,COOPERATIEVE RABOBANK U.A.,-,-,-,-
,,CREDIT AGRICOLE CORPORATE AND INVESTMENT BANK,-,1.43,-,1.43
,,CREDIT SUISSE AG,55.00,261.70,-,316.70
,,"CTBC BANK CO., LTD.",-,92.99,-,92.99
,,DBS BANK INDIA LIMITED,"1,433.47","9,876.72",-,"11,310.18"
,,DEUTSCHE BANK AG,"1,458.42","21,882.86",-,"23,341.28"
,,DOHA BANK Q.P.S.C.,0.87,89.81,-,90.68
,,EMIRATES NBD BANK (P.J.S.C.),-,-,-,-
,,FIRST ABU DHABI BANK PJSC,-,399.00,-,399.00
,,FIRSTRAND BANK LTD,-,-,-,-
,,INDUSTRIAL AND COMMERCIAL BANK OF CHINA,-,-,-,-
,,INDUSTRIAL BANK OF KOREA,-,75.00,-,75.00
,,JPMORGAN CHASE BANK NATIONAL ASSOCIATION,-,72.21,-,72.21
,,JSC VTB BANK,-,-,-,-
,,KEB HANA BANK,-,245.00,-,245.00
,,KOOKMIN BANK,-,-,-,-
,,KRUNG THAI BANK PUBLIC COMPANY LIMITED,-,-,-,-
,,MASHREQ BANK PSC,-,200.00,-,200.00
,,MIZUHO BANK LTD,-,3.72,-,3.72
,,"MUFG BANK, LTD.",20.00,-,-,20.00
,,NATWEST MARKETS PLC,-,-,-,-
,,NONGHYUP BANK,-,-,-,-
,,PT BANK MAYBANK INDONESIA TBK,-,-,-,-
,,QATAR NATIONAL BANK (Q.P.S.C),-,41.88,-,41.88
,,SBERBANK,1.71,-,-,1.71
,,SBM BANK (INDIA) LIMITED,135.76,"1,016.03",-,"1,151.80"
,,SHINHAN BANK,-,"2,913.10",-,"2,913.10"
,,SOCIETE GENERALE,-,5.91,-,5.91
,,SONALI BANK,-,-,-,-
,,STANDARD CHARTERED BANK,"3,060.52","39,698.23",-,"42,758.75"
,,SUMITOMO MITSUI BANKING CORPORATION,-,"2,108.70",-,"2,108.70"
,,THE HONGKONG AND SHANGHAI BANKING CORPORATION LIMITED,"4,737.68","47,322.98",-,"52,060.66"
,,UNITED OVERSEAS BANK LTD,-,-,-,-
,,WOORI BANK,-,6.53,-,6.53
,,FOREIGN BANKS,"13,496.78","128,860.53",-,"142,357.31"
,,AU SMALL FINANCE BANK LIMITED,333.74,"11,570.95",-,"11,904.69"
,,CAPITAL SMALL FINANCE BANK LIMITED,1.54,"1,766.44",-,"1,767.98"
,,EQUITAS SMALL FINANCE BANK LIMITED,0.21,"16,071.00",-,"16,071.21"
,,ESAF SMALL FINANCE BANK LIMITED,10.70,450.13,-,460.83
,,FINCARE SMALL FINANCE BANK LIMITED,-,-,-,-
,,JANA SMALL FINANCE BANK LIMITED,-,"3,832.64",-,"3,832.64"
,,NORTH EAST SMALL FINANCE BANK LIMITED,-,0.54,-,0.54
,,SHIVALIK SMALL FINANCE BANK LIMITED,-,147.90,-,147.90
,,SURYODAY SMALL FINANCE BANK LIMITED,-,947.96,-,947.96
,,UJJIVAN SMALL FINANCE BANK LIMITED,30.10,"6,449.12",-,"6,479.22"
,,UNITY SMALL FINANCE BANK LIMITED,106.04,186.66,-,292.69
,,UTKARSH SMALL FINANCE BANK LIMITED,-,"3,705.70",-,"3,705.70"
,,SMALL FINANCE BANKS,482.33,"45,129.04",-,"45,611.37"
,,AIRTEL PAYMENTS BANK LIMITED,-,-,-,-
,,FINO PAYMENTS BANK LIMITED,2.50,-,-,2.50
,,INDIA POST PAYMENTS BANK LIMITED,-,-,-,-
,,PAYTM PAYMENTS BANK LIMITED,-,-,-,-
,,PAYMENTS BANKS,2.50,-,-,2.50
,2024,ALL SCHEDULED COMMERCIAL BANKS,"244,253.32","4,424,410.59",-,"4,668,663.91"
,2023,BANK OF BARODA,"3,997.06","172,823.62",-,"176,820.68"
,,BANK OF INDIA,"3,864.21","93,293.00",-,"97,157.21"
,,BANK OF MAHARASHTRA,170.46,"38,201.02",-,"38,371.48"
,,CANARA BANK,"3,340.63","155,838.26",-,"159,178.89"
,,CENTRAL BANK OF INDIA,"1,450.24","58,284.06",-,"59,734.30"
,,INDIAN BANK,"2,680.61","100,555.17",-,"103,235.78"
,,INDIAN OVERSEAS BANK,"1,569.20","32,801.16",-,"34,370.36"
,,PUNJAB AND SIND BANK,435.71,"15,127.21",-,"15,562.92"
,,PUNJAB NATIONAL BANK,"3,752.37","166,429.38",-,"170,181.75"
,,STATE BANK OF INDIA,"27,494.19","729,163.50",-,"756,657.69"
,,UCO BANK,441.00,"36,250.48",-,"36,691.48"
,,UNION BANK OF INDIA,"4,910.97","146,080.91",-,"150,991.88"
,,PUBLIC SECTOR BANKS,"54,106.65","1,744,847.77",-,"1,798,954.42"
,,AXIS BANK LIMITED,"19,999.19","287,026.48",-,"307,025.67"
,,BANDHAN BANK LIMITED,"1,200.08","28,917.15",-,"30,117.23"
,,CITY UNION BANK LIMITED,5.91,"5,510.45",-,"5,516.36"
,,CSB BANK LIMITED,14.59,"1,672.14",-,"1,686.72"
,,DCB BANK LIMITED,219.09,"12,081.67",-,"12,300.77"
,,DHANLAXMI BANK LIMITED,64.57,"1,623.94",-,"1,688.51"
,,FEDERAL BANK LTD,"2,776.42","46,068.07",-,"48,844.49"
,,HDFC BANK LTD.,"38,726.59","213,505.60",-,"252,232.19"
,,ICICI BANK LIMITED,"25,020.08","459,676.19",-,"484,696.26"
,,IDBI BANK LIMITED,775.00,"74,958.00",-,"75,733.00"
,,IDFC FIRST BANK LIMITED,"2,688.93","24,039.00",-,"26,727.93"
,,INDUSIND BANK LTD,"8,387.65","45,900.59",-,"54,288.24"
,,JAMMU & KASHMIR BANK LTD,89.48,"14,675.98",-,"14,765.46"
,,KARNATAKA BANK LTD,254.09,"15,174.52",-,"15,428.61"
,,KARUR VYSYA BANK LTD,239.31,"11,134.98",-,"11,374.29"
,,KOTAK MAHINDRA BANK LTD.,"12,934.33","76,594.86",-,"89,529.19"
,,NAINITAL BANK LTD,-,"1,134.93",-,"1,134.93"
,,RBL BANK LTD,"1,081.35","9,601.16",-,"10,682.51"
,,SOUTH INDIAN BANK LTD,244.84,"7,134.56",-,"7,379.40"
,,TAMILNAD MERCANTILE BANK LTD,26.21,"5,333.34",-,"5,359.54"
,,YES BANK LTD.,"3,424.52","31,918.97",-,"35,343.49"
,,PRIVATE SECTOR BANKS,"118,172.20","1,373,682.58",-,"1,491,854.79"
,,AB BANK LIMITED,-,-,-,-
,,ABU DHABI COMMERCIAL BANK PJSC,-,-,-,-
,,AMERICAN EXPRESS BANKING CORP.,39.36,10.66,-,50.01
,,AUSTRALIA AND NEW ZEALAND BANKING GROUP LIMITED,-,-,-,-
,,"BANK OF AMERICA , NATIONAL ASSOCIATION",50.00,-,-,50.00
,,BANK OF BAHRAIN & KUWAIT B.S.C.,-,33.19,-,33.19
,,BANK OF CEYLON,-,87.80,-,87.80
,,BANK OF CHINA LIMITED,-,-,-,-
,,BANK OF NOVA SCOTIA,-,-,-,-
,,BARCLAYS BANK PLC,800.14,"1,002.94",-,"1,803.08"
,,BNP PARIBAS,0.01,745.49,-,745.50
,,CITIBANK N.A,"2,256.22","3,381.85",-,"5,638.07"
,,COOPERATIEVE RABOBANK U.A.,-,-,-,-
,,CREDIT AGRICOLE CORPORATE AND INVESTMENT BANK,-,167.66,-,167.66
,,CREDIT SUISSE AG,15.00,2.62,-,17.62
,,"CTBC BANK CO., LTD.",-,117.83,-,117.83
,,DBS BANK INDIA LIMITED,948.10,"8,580.54",-,"9,528.64"
,,DEUTSCHE BANK AG,192.55,"25,827.12",-,"26,019.67"
,,DOHA BANK Q.P.S.C.,0.60,108.22,-,108.81
,,EMIRATES NBD BANK (P.J.S.C.),-,-,-,-
,,FIRST ABU DHABI BANK PJSC,-,438.61,-,438.61
,,FIRSTRAND BANK LTD,-,-,-,-
,,INDUSTRIAL AND COMMERCIAL BANK OF CHINA,-,-,-,-
,,INDUSTRIAL BANK OF KOREA,-,75.00,-,75.00
,,JPMORGAN CHASE BANK NATIONAL ASSOCIATION,-,"1,289.90",-,"1,289.90"
,,JSC VTB BANK,-,-,-,-
,,KEB HANA BANK,-,0.02,-,0.02
,,KOOKMIN BANK,-,-,-,-
,,KRUNG THAI BANK PUBLIC COMPANY LIMITED,-,-,-,-
,,MASHREQ BANK PSC,-,275.00,-,275.00
,,MIZUHO BANK LTD,-,441.44,-,441.44
,,"MUFG BANK, LTD.",-,979.27,-,979.27
,,NATWEST MARKETS PLC,-,-,-,-
,,PT BANK MAYBANK INDONESIA TBK,-,-,-,-
,,QATAR NATIONAL BANK (Q.P.S.C),-,53.38,-,53.38
,,SBERBANK,1.71,-,-,1.71
,,SBM BANK (INDIA) LIMITED,127.88,"1,220.10",-,"1,347.98"
,,SHINHAN BANK,-,"2,162.32",-,"2,162.32"
,,SOCIETE GENERALE,-,86.13,-,86.13
,,SONALI BANK,-,-,-,-
,,STANDARD CHARTERED BANK,"4,209.04","39,977.01",-,"44,186.04"
,,SUMITOMO MITSUI BANKING CORPORATION,435.00,"4,314.45",-,"4,749.45"
,,THE HONGKONG AND SHANGHAI BANKING CORPORATION LIMITED,"3,458.19","44,424.56",-,"47,882.75"
,,UNITED OVERSEAS BANK LTD,-,150.00,-,150.00
,,WOORI BANK,-,54.09,-,54.09
,,FOREIGN BANKS,"12,533.78","136,007.18",-,"148,540.96"
,,AU SMALL FINANCE BANK LIMITED,354.76,"8,495.31",-,"8,850.07"
,,CAPITAL SMALL FINANCE BANK LIMITED,1.54,"1,511.97",-,"1,513.51"
,,EQUITAS SMALL FINANCE BANK LIMITED,32.56,"13,000.99",-,"13,033.55"
,,ESAF SMALL FINANCE BANK LIMITED,11.29,319.72,-,331.01
,,FINCARE SMALL FINANCE BANK LIMITED,-,-,-,-
,,JANA SMALL FINANCE BANK LIMITED,-,"2,417.34",-,"2,417.34"
,,NORTH EAST SMALL FINANCE BANK LIMITED,-,0.48,-,0.48
,,SHIVALIK SMALL FINANCE BANK LIMITED,-,128.40,-,128.40
,,SURYODAY SMALL FINANCE BANK LIMITED,-,753.19,-,753.19
,,UJJIVAN SMALL FINANCE BANK LIMITED,20.10,"5,121.79",-,"5,141.89"
,,UNITY SMALL FINANCE BANK LIMITED,21.20,"2,825.16",-,"2,846.36"
,,UTKARSH SMALL FINANCE BANK LIMITED,-,"2,308.74",-,"2,308.74"
,,SMALL FINANCE BANKS,441.45,"36,883.09",-,"37,324.53"
,,AIRTEL PAYMENTS BANK LIMITED,-,-,-,-
,,FINO PAYMENTS BANK LIMITED,2.50,-,-,2.50
,,INDIA POST PAYMENTS BANK LIMITED,-,-,-,-
,,PAYTM PAYMENTS BANK LIMITED,-,-,-,-
,,PAYMENTS BANKS,2.50,-,-,2.50
,2023,ALL SCHEDULED COMMERCIAL BANKS,"185,256.58","3,291,420.62",-,"3,476,677.20"
,2022,BANK OF BARODA,"4,027.58","154,136.55",-,"158,164.13"
,,BANK OF INDIA,"3,722.85","74,497.96",-,"78,220.81"
,,BANK OF MAHARASHTRA,189.52,"28,078.83",-,"28,268.35"
,,CANARA BANK,"3,150.71","135,380.83",-,"138,531.54"
,,CENTRAL BANK OF INDIA,"1,202.59","33,305.57",-,"34,508.16"
,,INDIAN BANK,"2,658.12","74,748.13",-,"77,406.25"
,,INDIAN OVERSEAS BANK,"1,352.10","28,870.76",-,"30,222.86"
,,PUNJAB AND SIND BANK,405.35,"11,454.76",-,"11,860.11"
,,PUNJAB NATIONAL BANK,"4,314.20","159,819.79",-,"164,133.99"
,,STATE BANK OF INDIA,"22,891.40","624,993.35",-,"647,884.75"
,,UCO BANK,592.19,"27,626.49",-,"28,218.68"
,,UNION BANK OF INDIA,"4,063.48","135,900.72",-,"139,964.20"
,,PUBLIC SECTOR BANKS,"48,570.09","1,488,813.74",-,"1,537,383.83"
,,AXIS BANK LIMITED,"16,458.21","245,054.78",-,"261,512.99"
,,BANDHAN BANK LIMITED,368.59,"25,579.38",-,"25,947.97"
,,CITY UNION BANK LIMITED,7.74,"5,311.32",-,"5,319.06"
,,CSB BANK LIMITED,53.59,"1,330.52",-,"1,384.11"
,,DCB BANK LIMITED,384.89,"8,993.96",-,"9,378.84"
,,DHANLAXMI BANK LIMITED,61.80,"1,373.18",-,"1,434.98"
,,FEDERAL BANK LTD,"1,541.10","40,467.91",-,"42,009.01"
,,HDFC BANK LTD.,"33,468.02","169,858.57",-,"203,326.59"
,,ICICI BANK LIMITED,"20,450.13","380,358.30",-,"400,808.43"
,,IDBI BANK LIMITED,775.00,"64,729.00",-,"65,504.00"
,,IDFC FIRST BANK LIMITED,"2,555.42","18,681.37",-,"21,236.79"
,,INDUSIND BANK LTD,"6,880.09","41,284.51",-,"48,164.60"
,,JAMMU & KASHMIR BANK LTD,92.97,"14,208.58",-,"14,301.55"
,,KARNATAKA BANK LTD,137.90,"15,266.96",-,"15,404.86"
,,KARUR VYSYA BANK LTD,201.30,"10,041.62",-,"10,242.92"
,,KOTAK MAHINDRA BANK LTD.,"7,094.74","64,818.31",-,"71,913.05"
,,NAINITAL BANK LTD,-,920.77,-,920.77
,,RBL BANK LTD,"1,247.25","7,789.96",-,"9,037.21"
,,SOUTH INDIAN BANK LTD,34.59,"6,050.26",-,"6,084.85"
,,TAMILNAD MERCANTILE BANK LTD,37.27,"4,488.75",-,"4,526.02"
,,YES BANK LTD.,"4,363.22","35,072.75",-,"39,435.97"
,,PRIVATE SECTOR BANKS,"96,213.82","1,161,680.76",-,"1,257,894.58"
,,AB BANK LIMITED,-,-,-,-
,,ABU DHABI COMMERCIAL BANK PJSC,-,-,-,-
,,AMERICAN EXPRESS BANKING CORP.,16.25,10.10,-,26.35
,,AUSTRALIA AND NEW ZEALAND BANKING GROUP LIMITED,-,67.37,-,67.37
,,"BANK OF AMERICA , NATIONAL ASSOCIATION",50.00,-,-,50.00
,,BANK OF BAHRAIN & KUWAIT B.S.C.,0.00,32.07,-,32.07
,,BANK OF CEYLON,-,94.94,-,94.94
,,BANK OF CHINA LIMITED,-,-,-,-
,,BANK OF NOVA SCOTIA,-,200.00,-,200.00
,,BARCLAYS BANK PLC,"1,085.14","3,017.81",-,"4,102.95"
,,BNP PARIBAS,26.73,727.11,-,753.84
,,CITIBANK N.A,"1,165.56","16,122.62",-,"17,288.18"
,,COOPERATIEVE RABOBANK U.A.,-,-,-,-
,,CREDIT AGRICOLE CORPORATE AND INVESTMENT BANK,-,58.54,-,58.54
,,CREDIT SUISSE AG,9.95,-,-,9.95
,,"CTBC BANK CO., LTD.",-,34.69,-,34.69
,,DBS BANK INDIA LIMITED,72.65,"8,873.41",-,"8,946.05"
,,DEUTSCHE BANK AG,"1,008.87","24,327.20",-,"25,336.07"
,,DOHA BANK Q.P.S.C.,0.24,102.85,-,103.09
,,EMIRATES NBD BANK (P.J.S.C.),-,170.00,-,170.00
,,FIRST ABU DHABI BANK PJSC,-,495.46,-,495.46
,,FIRSTRAND BANK LTD,-,-,-,-
,,HONGKONG AND SHANGHAI BANKING CORPN.LTD.,"1,225.96","38,325.49",-,"39,551.45"
,,INDUSTRIAL AND COMMERCIAL BANK OF CHINA,-,-,-,-
,,INDUSTRIAL BANK OF KOREA,-,-,-,-
,,JPMORGAN CHASE BANK NATIONAL ASSOCIATION,1.92,"1,357.44",-,"1,359.36"
,,JSC VTB BANK,-,-,-,-
,,KEB HANA BANK,-,222.00,-,222.00
,,KOOKMIN BANK,-,-,-,-
,,KRUNG THAI BANK PUBLIC COMPANY LIMITED,-,-,-,-
,,MASHREQ BANK PSC,-,75.00,-,75.00
,,MIZUHO BANK LTD,-,473.58,-,473.58
,,"MUFG BANK, LTD.",385.80,927.75,-,"1,313.55"
,,PT BANK MAYBANK INDONESIA TBK,-,-,-,-
,,QATAR NATIONAL BANK (Q.P.S.C),-,18.00,-,18.00
,,SBERBANK,-,-,-,-
,,SBM BANK (INDIA) LIMITED,150.50,845.77,-,996.27
,,SHINHAN BANK,-,"1,429.32",-,"1,429.32"
,,SOCIETE GENERALE,50.00,86.13,-,136.13
,,SONALI BANK,-,-,-,-
,,STANDARD CHARTERED BANK,"3,599.53","39,465.61",-,"43,065.14"
,,SUMITOMO MITSUI BANKING CORPORATION,230.00,"4,299.27",-,"4,529.27"
,,THE ROYAL BANK OF SCOTLAND N.V.,-,-,-,-
,,UNITED OVERSEAS BANK LTD,-,75.00,-,75.00
,,WOORI BANK,-,204.75,-,204.75
,,FOREIGN BANKS,"9,079.11","142,139.29",-,"151,218.40"
,,AU SMALL FINANCE BANK LIMITED,269.28,"5,913.83",-,"6,183.11"
,,CAPITAL SMALL FINANCE BANK LIMITED,1.54,"1,172.30",-,"1,173.84"
,,EQUITAS SMALL FINANCE BANK LIMITED,34.43,"9,622.53",-,"9,656.96"
,,ESAF SMALL FINANCE BANK LIMITED,17.69,156.95,-,174.64
,,FINCARE SMALL FINANCE BANK LIMITED,-,-,-,-
,,JANA SMALL FINANCE BANK LIMITED,-,"1,753.21",-,"1,753.21"
,,NORTH EAST SMALL FINANCE BANK LIMITED,-,0.28,-,0.28
,,SHIVALIK SMALL FINANCE BANK LIMITED,-,141.87,-,141.87
,,SURYODAY SMALL FINANCE BANK LIMITED,-,359.32,-,359.32
,,UJJIVAN SMALL FINANCE BANK LIMITED,0.10,"4,391.23",-,"4,391.34"
,,UTKARSH SMALL FINANCE BANK LIMITED,-,"1,201.02",-,"1,201.02"
,,SMALL FINANCE BANKS,323.03,"24,712.55",-,"25,035.58"
,,AIRTEL PAYMENTS BANK LIMITED,-,-,-,-
,,FINO PAYMENTS BANK LIMITED,-,-,-,-
,,INDIA POST PAYMENTS BANK LIMITED,-,-,-,-
,,PAYTM PAYMENTS BANK LIMITED,,-,-,
,,PAYMENTS BANKS,-,-,-,-
,2022,ALL SCHEDULED COMMERCIAL BANKS,"154,186.05","2,817,346.33",-,"2,971,532.38"
,2021,BANK OF BARODA,"3,807.89","139,642.54",-,"143,450.43"
,,BANK OF INDIA,"2,800.01","80,232.93",-,"83,032.94"
,,BANK OF MAHARASHTRA,191.23,"22,464.65",-,"22,655.88"
,,CANARA BANK,"3,357.76","118,078.04",-,"121,435.80"
,,CENTRAL BANK OF INDIA,"1,154.63","18,421.33",-,"19,575.96"
,,INDIAN BANK,"2,249.29","71,262.12",-,"73,511.41"
,,INDIAN OVERSEAS BANK,"1,361.16","25,221.00",-,"26,582.16"
,,PUNJAB AND SIND BANK,362.16,"12,127.42",-,"12,489.58"
,,PUNJAB NATIONAL BANK,"7,526.27","160,286.30",-,"167,812.57"
,,STATE BANK OF INDIA,"11,368.13","576,227.23",-,"587,595.36"
,,UCO BANK,256.29,"23,913.23",-,"24,169.52"
,,UNION BANK OF INDIA,"4,507.80","127,937.95",-,"132,445.75"
,,PUBLIC SECTOR BANKS,"38,942.62","1,375,814.74",-,"1,414,757.36"
,,AXIS BANK LIMITED,"13,341.53","207,007.45",-,"220,348.98"
,,BANDHAN BANK LIMITED,354.80,"21,726.76",-,"22,081.56"
,,CITY UNION BANK LIMITED,7.88,"4,682.22",-,"4,690.10"
,,CSB BANK LIMITED,44.94,"1,467.20",-,"1,512.14"
,,DCB BANK LIMITED,298.73,"7,192.38",-,"7,491.12"
,,DHANLAXMI BANK LIMITED,51.28,"1,124.14",-,"1,175.42"
,,FEDERAL BANK LTD,"1,008.37","35,699.02",-,"36,707.39"
,,HDFC BANK LTD.,"26,013.50","147,453.23",-,"173,466.73"
,,ICICI BANK LIMITED,"19,450.97","322,301.61",-,"341,752.59"
,,IDBI BANK LIMITED,818.00,"61,355.06",-,"62,173.06"
,,IDFC FIRST BANK LIMITED,"2,202.54","14,011.11",-,"16,213.65"
,,INDUSIND BANK LTD,"6,669.37","40,415.27",-,"47,084.64"
,,JAMMU & KASHMIR BANK LTD,78.17,"13,285.26",-,"13,363.43"
,,KARNATAKA BANK LTD,115.06,"14,574.52",-,"14,689.58"
,,KARUR VYSYA BANK LTD,163.11,"9,504.46",-,"9,667.57"
,,KOTAK MAHINDRA BANK LTD.,"5,817.81","46,298.24",-,"52,116.05"
,,NAINITAL BANK LTD,-,907.75,-,907.75
,,RBL BANK LTD,984.41,"5,936.60",-,"6,921.01"
,,SOUTH INDIAN BANK LTD,52.90,"6,062.52",-,"6,115.42"
,,TAMILNAD MERCANTILE BANK LTD,44.20,"4,059.98",-,"4,104.18"
,,YES BANK LTD.,"3,634.22","35,173.48",-,"38,807.70"
,,PRIVATE SECTOR BANKS,"81,151.79","1,000,238.27",-,"1,081,390.06"
,,AB BANK LIMITED,-,-,-,-
,,ABU DHABI COMMERCIAL BANK PJSC,-,-,-,-
,,AMERICAN EXPRESS BANKING CORP.,2.08,2.35,-,4.43
,,AUSTRALIA AND NEW ZEALAND BANKING GROUP LIMITED,-,41.50,-,41.50
,,"BANK OF AMERICA , NATIONAL ASSOCIATION",-,-,-,-
,,BANK OF BAHRAIN & KUWAIT B.S.C.,0.01,17.04,-,17.05
,,BANK OF CEYLON,-,77.94,-,77.94
,,BANK OF CHINA LIMITED,-,-,-,-
,,BANK OF NOVA SCOTIA,-,200.00,-,200.00
,,BARCLAYS BANK PLC,575.39,"2,645.20",-,"3,220.58"
,,BNP PARIBAS,25.36,523.90,-,549.26
,,CITIBANK N.A,"1,368.88","16,929.06",-,"18,297.94"
,,COOPERATIEVE RABOBANK U.A.,-,-,-,-
,,CREDIT AGRICOLE CORPORATE AND INVESTMENT BANK,-,147.37,-,147.37
,,CREDIT SUISSE AG,-,249.50,-,249.50
,,"CTBC BANK CO., LTD.",-,65.32,-,65.32
,,DBS BANK INDIA LIMITED,83.49,"8,006.30",-,"8,089.79"
,,DEUTSCHE BANK AG,937.83,"20,830.24",-,"21,768.07"
,,DOHA BANK Q.P.S.C.,0.65,88.92,-,89.57
,,EMIRATES NBD BANK (P.J.S.C.),-,170.00,-,170.00
,,FIRST ABU DHABI BANK PJSC,-,551.17,-,551.17
,,FIRSTRAND BANK LTD,-,25.00,-,25.00
,,HONGKONG AND SHANGHAI BANKING CORPN.LTD.,"2,516.38","31,587.21",-,"34,103.58"
,,INDUSTRIAL AND COMMERCIAL BANK OF CHINA,-,-,-,-
,,INDUSTRIAL BANK OF KOREA,-,-,-,-
,,JPMORGAN CHASE BANK NATIONAL ASSOCIATION,-,"1,415.54",-,"1,415.54"
,,JSC VTB BANK,-,-,-,-
,,KEB HANA BANK,-,230.00,-,230.00
,,KOOKMIN BANK,-,-,-,-
,,KRUNG THAI BANK PUBLIC COMPANY LIMITED,-,-,-,-
,,MASHREQ BANK PSC,-,75.00,-,75.00
,,MIZUHO BANK LTD,-,175.44,-,175.44
,,"MUFG BANK, LTD.",-,969.11,-,969.11
,,PT BANK MAYBANK INDONESIA TBK,-,-,-,-
,,QATAR NATIONAL BANK (Q.P.S.C),-,-,-,-
,,SBERBANK,-,-,-,-
,,SBM BANK (INDIA) LIMITED,178.71,504.49,-,683.19
,,SHINHAN BANK,-,"1,234.12",-,"1,234.12"
,,SOCIETE GENERALE,50.00,86.13,-,136.13
,,SONALI BANK,-,-,-,-
,,STANDARD CHARTERED BANK,"5,002.74","40,074.61",-,"45,077.35"
,,SUMITOMO MITSUI BANKING CORPORATION,200.00,"3,699.45",-,"3,899.45"
,,THE ROYAL BANK OF SCOTLAND N.V.,-,-,-,-
,,UNITED OVERSEAS BANK LTD,-,145.00,-,145.00
,,WOORI BANK,-,172.02,-,172.02
,,FOREIGN BANKS,"10,941.50","130,938.92",-,"141,880.42"
,,AU SMALL FINANCE BANK LIMITED,91.86,"3,448.81",-,"3,540.67"
,,CAPITAL SMALL FINANCE BANK LIMITED,1.54,820.97,-,822.51
,,EQUITAS SMALL FINANCE BANK LIMITED,0.26,"8,255.39",-,"8,255.65"
,,ESAF SMALL FINANCE BANK LIMITED,18.72,124.45,-,143.17
,,FINCARE SMALL FINANCE BANK LIMITED,-,-,-,-
,,JANA SMALL FINANCE BANK LIMITED,-,"1,457.75",-,"1,457.75"
,,NORTH EAST SMALL FINANCE BANK LIMITED,-,0.10,-,0.10
,,SURYODAY SMALL FINANCE BANK LIMITED,-,324.58,-,324.58
,,UJJIVAN SMALL FINANCE BANK LIMITED,0.10,"3,474.67",-,"3,474.77"
,,UTKARSH SMALL FINANCE BANK LIMITED,-,692.49,-,692.49
,,SMALL FINANCE BANKS,112.48,"18,599.22",-,"18,711.69"
,,FINO PAYMENTS BANK LIMITED,-,-,-,-
,,INDIA POST PAYMENTS BANK LIMITED,-,-,-,-
,,PAYMENTS BANKS,-,-,-,-
,2021,ALL SCHEDULED COMMERCIAL BANKS,"131,148.39","2,525,591.14",-,"2,656,739.53"
,2020,ALLAHABAD BANK,"1,026.30","28,873.30",-,"29,899.60"
,,ANDHRA BANK,576.21,"30,834.82",-,"31,411.03"
,,BANK OF BARODA,"4,805.35","138,561.04",-,"143,366.39"
,,BANK OF INDIA,"2,396.65","75,812.55",-,"78,209.20"
,,BANK OF MAHARASHTRA,221.87,"20,717.70",-,"20,939.57"
,,CANARA BANK,"3,081.05","73,521.47",-,"76,602.52"
,,CENTRAL BANK OF INDIA,"1,072.76","15,902.35",-,"16,975.11"
,,CORPORATION BANK,"1,168.29","28,574.66",-,"29,742.95"
,,INDIAN BANK,575.45,"37,102.56",-,"37,678.01"
,,INDIAN OVERSEAS BANK,"1,209.36","30,171.38",-,"31,380.74"
,,ORIENTAL BANK OF COMMERCE,"1,230.36","30,328.98",-,"31,559.34"
,,PUNJAB AND SIND BANK,365.23,"13,277.60",-,"13,642.83"
,,PUNJAB NATIONAL BANK,"8,017.29","117,902.61",-,"125,919.90"
,,STATE BANK OF INDIA,"13,003.16","506,993.20",-,"519,996.36"
,,SYNDICATE BANK,372.19,"44,950.34",-,"45,322.53"
,,UCO BANK,280.10,"23,319.25",-,"23,599.35"
,,UNION BANK OF INDIA,"3,071.37","56,163.50",-,"59,234.87"
,,UNITED BANK OF INDIA,182.85,"18,042.30",-,"18,225.15"
,,PUBLIC SECTOR BANKS,"42,655.84","1,291,049.61",-,"1,333,705.45"
,,AXIS BANK LIMITED,"10,173.85","180,518.32",-,"190,692.17"
,,BANDHAN BANK LIMITED,354.60,"19,596.46",-,"19,951.06"
,,CITY UNION BANK LIMITED,152.10,"5,323.71",-,"5,475.81"
,,CSB BANK LIMITED,0.96,"1,578.12",-,"1,579.08"
,,DCB BANK LIMITED,350.28,"7,043.90",-,"7,394.18"
,,DHANLAXMI BANK LIMITED,31.83,"1,218.75",-,"1,250.58"
,,FEDERAL BANK LTD,992.64,"34,866.46",-,"35,859.10"
,,HDFC BANK LTD.,"19,006.93","133,325.54",-,"152,332.47"
,,ICICI BANK LIMITED,"24,568.99","270,989.99",-,"295,558.98"
,,IDBI BANK LIMITED,853.75,"61,510.01",-,"62,363.76"
,,IDFC FIRST BANK LIMITED,"2,198.34","13,134.54",-,"15,332.88"
,,INDUSIND BANK LTD,"7,444.33","42,871.67",-,"50,316.01"
,,JAMMU & KASHMIR BANK LTD,79.64,"13,544.36",-,"13,624.00"
,,KARNATAKA BANK LTD,94.05,"14,638.01",-,"14,732.06"
,,KARUR VYSYA BANK LTD,165.14,"8,870.64",-,"9,035.78"
,,KOTAK MAHINDRA BANK LTD.,"6,876.17","39,318.75",-,"46,194.93"
,,LAKSHMI VILAS BANK LTD,61.68,"2,775.41",-,"2,837.09"
,,NAINITAL BANK LTD,-,737.09,-,737.09
,,RBL BANK LTD,809.24,"5,679.74",-,"6,488.98"
,,SOUTH INDIAN BANK LTD,125.15,"6,876.13",-,"7,001.28"
,,TAMILNAD MERCANTILE BANK LTD,47.95,"3,259.95",-,"3,307.90"
,,YES BANK LTD.,"5,168.68","43,292.24",-,"48,460.92"
,,PRIVATE SECTOR BANKS,"79,556.31","910,969.79",-,"990,526.10"
,,AB BANK LIMITED,-,-,-,-
,,ABU DHABI COMMERCIAL BANK PJSC,-,-,-,-
,,AMERICAN EXPRESS BANKING CORP.,4.16,9.44,-,13.60
,,AUSTRALIA AND NEW ZEALAND BANKING GROUP LIMITED,-,-,-,-
,,"BANK OF AMERICA , NATIONAL ASSOCIATION",-,-,-,-
,,BANK OF BAHRAIN & KUWAIT B.S.C.,0.02,21.41,-,21.42
,,BANK OF CEYLON,-,78.46,-,78.46
,,BANK OF CHINA LIMITED,-,-,-,-
,,BANK OF NOVA SCOTIA,-,200.00,-,200.00
,,BARCLAYS BANK PLC,96.66,"1,695.41",-,"1,792.06"
,,BNP PARIBAS,403.20,379.39,-,782.58
,,CITIBANK N.A,791.83,"15,781.08",-,"16,572.91"
,,COOPERATIEVE RABOBANK U.A.,-,-,-,-
,,CREDIT AGRICOLE CORPORATE AND INVESTMENT BANK,-,211.56,-,211.56
,,CREDIT SUISSE AG,500.00,254.50,-,754.50
,,"CTBC BANK CO., LTD.",-,0.38,-,0.38
,,DBS BANK INDIA LIMITED,60.92,"3,618.43",-,"3,679.35"
,,DEUTSCHE BANK AG,369.89,"19,643.13",-,"20,013.02"
,,DOHA BANK Q.P.S.C.,-,6.14,-,6.14
,,EMIRATES NBD BANK (P.J.S.C.),-,170.00,-,170.00
,,FIRST ABU DHABI BANK PJSC,-,602.25,-,602.25
,,FIRSTRAND BANK LTD,-,140.00,-,140.00
,,HONGKONG AND SHANGHAI BANKING CORPN.LTD.,"2,404.87","27,117.45",-,"29,522.32"
,,INDUSTRIAL AND COMMERCIAL BANK OF CHINA,-,-,-,-
,,INDUSTRIAL BANK OF KOREA,-,-,-,-
,,JPMORGAN CHASE BANK NATIONAL ASSOCIATION,-,"1,685.76",-,"1,685.76"
,,JSC VTB BANK,-,-,-,-
,,KEB HANA BANK,-,150.00,-,150.00
,,KOOKMIN BANK,-,-,-,-
,,KRUNG THAI BANK PUBLIC COMPANY LIMITED,-,-,-,-
,,MASHREQ BANK PSC,-,-,-,-
,,MIZUHO BANK LTD,-,174.78,-,174.78
,,"MUFG BANK, LTD.",150.00,235.21,-,385.21
,,PT BANK MAYBANK INDONESIA TBK,-,-,-,-
,,QATAR NATIONAL BANK (Q.P.S.C),-,-,-,-
,,SBERBANK,-,-,-,-
,,SBM BANK (INDIA) LIMITED,67.42,187.43,-,254.85
,,SHINHAN BANK,-,"1,258.46",-,"1,258.46"
,,SOCIETE GENERALE,10.00,80.00,-,90.00
,,SONALI BANK,-,-,-,-
,,STANDARD CHARTERED BANK,"4,288.27","42,549.06",-,"46,837.33"
,,SUMITOMO MITSUI BANKING CORPORATION,230.00,"2,364.87",-,"2,594.87"
,,THE ROYAL BANK OF SCOTLAND N.V.,-,-,-,-
,,UNITED OVERSEAS BANK LTD,-,145.00,-,145.00
,,WESTPAC BANKING CORPORATION,-,-,-,-
,,WOORI BANK,-,109.69,-,109.69
,,FOREIGN BANKS,"9,377.24","118,869.29",-,"128,246.52"
,,AU SMALL FINANCE BANK LIMITED,225.32,"2,378.92",-,"2,604.24"
,,CAPITAL SMALL FINANCE BANK LIMITED,-,652.81,-,652.81
,,EQUITAS SMALL FINANCE BANK LIMITED,0.40,"6,507.43",-,"6,507.83"
,,ESAF SMALL FINANCE BANK LIMITED,5.39,78.87,-,84.26
,,FINCARE SMALL FINANCE BANK LIMITED,-,-,-,-
,,JANA SMALL FINANCE BANK LIMITED,0.10,732.30,-,732.40
,,NORTH EAST SMALL FINANCE BANK LIMITED,-,-,-,-
,,SURYODAY SMALL FINANCE BANK LIMITED,-,211.52,-,211.52
,,UJJIVAN SMALL FINANCE BANK LIMITED,0.10,"2,472.98",-,"2,473.08"
,,UTKARSH SMALL FINANCE BANK LIMITED,-,201.65,-,201.65
,,SMALL FINANCE BANKS,231.32,"13,236.48",-,"13,467.80"
,,INDIA POST PAYMENTS BANK LIMITED,-,-,-,-
,,PAYMENTS BANKS,-,-,-,-
,2020,ALL SCHEDULED COMMERCIAL BANKS,"131,820.71","2,334,125.17",-,"2,465,945.88"
,2019,ALLAHABAD BANK,"1,030.83","24,568.82",-,"25,599.65"
,,ANDHRA BANK,617.45,"29,579.90",-,"30,197.35"
,,BANK OF BARODA,"3,743.69","94,644.23",-,"98,387.92"
,,BANK OF INDIA,"2,672.04","62,924.10",-,"65,596.14"
,,BANK OF MAHARASHTRA,193.88,"19,242.02",-,"19,435.90"
,,CANARA BANK,"2,426.62","67,998.49",-,"70,425.11"
,,CENTRAL BANK OF INDIA,996.69,"19,376.46",-,"20,373.15"
,,CORPORATION BANK,"1,280.98","24,487.45",-,"25,768.43"
,,DENA BANK,158.98,"10,699.03",-,"10,858.01"
,,INDIAN BANK,"1,056.83","33,930.56",-,"34,987.39"
,,INDIAN OVERSEAS BANK,"1,295.13","27,990.68",-,"29,285.81"
,,ORIENTAL BANK OF COMMERCE,"1,218.54","32,304.42",-,"33,522.96"
,,PUNJAB AND SIND BANK,356.96,"13,035.91",-,"13,392.87"
,,PUNJAB NATIONAL BANK,"8,850.08","104,847.83",-,"113,697.91"
,,STATE BANK OF INDIA,"18,926.16","464,416.77",-,"483,342.93"
,,SYNDICATE BANK,384.97,"39,236.63",-,"39,621.60"
,,UCO BANK,378.94,"19,439.58",-,"19,818.52"
,,UNION BANK OF INDIA,"3,871.17","54,249.71",-,"58,120.88"
,,UNITED BANK OF INDIA,181.99,"15,592.86",-,"15,774.85"
,,VIJAYA BANK,231.86,"23,389.84",-,"23,621.70"
,,PUBLIC SECTOR BANKS,"49,873.79","1,181,955.29",-,"1,231,829.08"
,,AXIS BANK LIMITED,"10,953.41","173,587.48",-,"184,540.89"
,,BANDHAN BANK LIMITED,1.22,"1,072.87",-,"1,074.09"
,,CITY UNION BANK LIMITED,179.24,"4,344.41",-,"4,523.65"
,,CSB BANK LIMITED,1.17,"1,804.74",-,"1,805.91"
,,DCB BANK LIMITED,366.71,"6,349.58",-,"6,716.29"
,,DHANLAXMI BANK LIMITED,41.47,"1,299.59",-,"1,341.06"
,,FEDERAL BANK LTD,901.21,"31,342.95",-,"32,244.16"
,,HDFC BANK LTD.,"20,578.60","115,791.95",-,"136,370.55"
,,ICICI BANK LIMITED,"15,950.41","249,567.01",-,"265,517.42"
,,IDBI BANK LIMITED,"1,393.58","52,934.17",-,"54,327.75"
,,IDFC FIRST BANK LIMITED,"2,765.45","16,236.87",-,"19,002.32"
,,INDUSIND BANK LTD,"7,665.98","36,754.89",-,"44,420.87"
,,JAMMU & KASHMIR BANK LTD,83.99,"10,655.60",-,"10,739.59"
,,KARNATAKA BANK LTD,96.18,"11,736.32",-,"11,832.50"
,,KARUR VYSYA BANK LTD,209.48,"7,644.73",-,"7,854.21"
,,KOTAK MAHINDRA BANK LTD.,"6,800.09","33,547.57",-,"40,347.66"
,,LAKSHMI VILAS BANK LTD,368.87,"3,400.02",-,"3,768.89"
,,NAINITAL BANK LTD,-,512.35,-,512.35
,,RBL BANK LTD,751.31,"5,008.87",-,"5,760.18"
,,SOUTH INDIAN BANK LTD,280.85,"6,952.19",-,"7,233.04"
,,TAMILNAD MERCANTILE BANK LTD,130.27,"2,698.67",-,"2,828.94"
,,YES BANK LTD.,"9,174.89","53,699.58",-,"62,874.47"
,,PRIVATE SECTOR BANKS,"78,694.38","826,942.41",-,"905,636.79"
,,AB BANK LIMITED,-,-,-,-
,,ABU DHABI COMMERCIAL BANK PJSC,-,108.51,-,108.51
,,AMERICAN EXPRESS BANKING CORP.,22.79,8.27,-,31.06
,,AUSTRALIA AND NEW ZEALAND BANKING GROUP LIMITED,-,-,-,-
,,"BANK OF AMERICA , NATIONAL ASSOCIATION",138.00,-,-,138.00
,,BANK OF BAHRAIN & KUWAIT B.S.C.,0.03,28.63,-,28.66
,,BANK OF CEYLON,-,67.35,-,67.35
,,BANK OF NOVA SCOTIA,-,200.00,-,200.00
,,BARCLAYS BANK PLC,904.96,"3,226.28",-,"4,131.24"
,,BNP PARIBAS,367.46,404.75,-,772.21
,,CITIBANK N.A,"2,017.63","14,514.51",-,"16,532.14"
,,COOPERATIEVE RABOBANK U.A.,-,-,-,-
,,CREDIT AGRICOLE CORPORATE AND INVESTMENT BANK,-,-,-,-
,,CREDIT SUISSE AG,566.72,478.32,-,"1,045.04"
,,"CTBC BANK CO., LTD.",-,115.14,-,115.14
,,DBS BANK INDIA LIMITED,64.52,"3,706.88",-,"3,771.40"
,,DEUTSCHE BANK AG,"1,117.49","20,253.85",-,"21,371.34"
,,DOHA BANK Q.P.S.C.,-,31.38,-,31.38
,,EMIRATES NBD BANK (P.J.S.C.),-,85.00,-,85.00
,,FIRST ABU DHABI BANK PJSC,-,222.14,-,222.14
,,FIRSTRAND BANK LTD,-,155.00,-,155.00
,,HONGKONG AND SHANGHAI BANKING CORPN.LTD.,"2,448.33","27,788.54",-,"30,236.87"
,,INDUSTRIAL AND COMMERCIAL BANK OF CHINA,-,-,-,-
,,INDUSTRIAL BANK OF KOREA,-,-,-,-
,,JPMORGAN CHASE BANK NATIONAL ASSOCIATION,90.50,"1,001.57",-,"1,092.07"
,,JSC VTB BANK,-,-,-,-
,,KEB HANA BANK,-,-,-,-
,,KRUNG THAI BANK PUBLIC COMPANY LIMITED,-,-,-,-
,,MASHREQ BANK PSC,-,-,-,-
,,MIZUHO BANK LTD,-,0.51,-,0.51
,,"MUFG BANK, LTD.",-,410.39,-,410.39
,,NATIONAL AUSTRALIA BANK,-,-,-,-
,,PT BANK MAYBANK INDONESIA TBK,-,-,-,-
,,QATAR NATIONAL BANK (Q.P.S.C),-,-,-,-
,,SBERBANK,-,-,-,-
,,SBM BANK (INDIA) LIMITED,0.70,144.35,-,145.04
,,SHINHAN BANK,-,937.54,-,937.54
,,SOCIETE GENERALE,10.00,-,-,10.00
,,SONALI BANK,-,-,-,-
,,STANDARD CHARTERED BANK,"3,981.88","44,183.94",-,"48,165.82"
,,SUMITOMO MITSUI BANKING CORPORATION,40.00,"1,915.97",-,"1,955.97"
,,THE ROYAL BANK OF SCOTLAND N.V.,-,-,-,-
,,UNITED OVERSEAS BANK LTD,-,145.00,-,145.00
,,WESTPAC BANKING CORPORATION,-,-,-,-
,,WOORI BANK,-,69.01,-,69.01
,,FOREIGN BANKS,"11,771.00","120,202.82",-,"131,973.82"
,,AU SMALL FINANCE BANK LIMITED,113.33,"1,429.61",-,"1,542.94"
,,CAPITAL SMALL FINANCE BANK LIMITED,-,431.54,-,431.54
,,EQUITAS SMALL FINANCE BANK LIMITED,0.41,"4,662.68",-,"4,663.09"
,,ESAF SMALL FINANCE BANK LIMITED,-,35.47,-,35.47
,,SURYODAY SMALL FINANCE BANK LIMITED,-,106.95,-,106.95
,,UJJIVAN SMALL FINANCE BANK LIMITED,0.10,"1,286.48",-,"1,286.58"
,,UTKARSH SMALL FINANCE BANK LIMITED,-,113.01,-,113.01
,,SMALL FINANCE BANKS,113.84,"8,065.74",-,"8,179.58"
,2019,ALL SCHEDULED COMMERCIAL BANKS,"140,453.01","2,137,166.25",-,"2,277,619.26"
,2018,ALLAHABAD BANK,"1,234.08","18,764.97",-,"19,999.05"
,,ANDHRA BANK,972.50,"24,123.43",-,"25,095.93"
,,BANK OF BARODA,"3,607.15","59,620.54",-,"63,227.69"
,,BANK OF INDIA,"3,517.33","50,688.31",-,"54,205.64"
,,BANK OF MAHARASHTRA,243.41,"20,427.55",-,"20,670.96"
,,CANARA BANK,"2,169.33","49,550.03",-,"51,719.36"
,,CENTRAL BANK OF INDIA,"1,096.92","27,336.09",-,"28,433.01"
,,CORPORATION BANK,"1,542.27","21,389.58",-,"22,931.85"
,,DENA BANK,90.11,"12,820.24",-,"12,910.35"
,,IDBI BANK LIMITED,"2,628.57","49,634.22",-,"52,262.79"
,,INDIAN BANK,"1,031.31","28,221.37",-,"29,252.68"
,,INDIAN OVERSEAS BANK,"1,271.07","25,817.02",-,"27,088.09"
,,ORIENTAL BANK OF COMMERCE,"1,332.35","27,336.26",-,"28,668.61"
,,PUNJAB AND SIND BANK,349.28,"13,214.42",-,"13,563.70"
,,PUNJAB NATIONAL BANK,"10,114.62","87,241.00",-,"97,355.62"
,,STATE BANK OF INDIA,"24,142.08","473,495.65",-,"497,637.73"
,,SYNDICATE BANK,422.69,"31,044.79",-,"31,467.48"
,,UCO BANK,439.32,"17,765.07",-,"18,204.39"
,,UNION BANK OF INDIA,"2,761.22","53,637.30",-,"56,398.52"
,,UNITED BANK OF INDIA,182.85,"13,496.47",-,"13,679.32"
,,VIJAYA BANK,395.31,"19,876.61",-,"20,271.92"
,,PUBLIC SECTOR BANKS,"59,543.77","1,125,500.92",-,"1,185,044.69"
,,AXIS BANK LIMITED,"12,371.78","152,078.67",-,"164,450.45"
,,BANDHAN BANK LIMITED,0.20,188.45,-,188.65
,,CITY UNION BANK LIMITED,130.52,"3,459.41",-,"3,589.93"
,,CSB BANK LIMITED,1.25,"1,322.90",-,"1,324.15"
,,DCB BANK LIMITED,307.13,"5,176.66",-,"5,483.79"
,,DHANLAXMI BANK LIMITED,41.67,"1,012.65",-,"1,054.32"
,,FEDERAL BANK LTD,688.80,"26,029.08",-,"26,717.88"
,,HDFC BANK LTD.,"19,086.58","95,903.89",-,"114,990.47"
,,ICICI BANK LIMITED,"15,647.26","219,335.73",-,"234,982.99"
,,IDFC BANK LIMITED,"2,466.93","11,614.93",-,"14,081.86"
,,INDUSIND BANK LTD,"7,451.79","24,931.62",-,"32,383.41"
,,JAMMU & KASHMIR BANK LTD,126.42,"9,916.85",-,"10,043.27"
,,KARNATAKA BANK LTD,142.10,"9,397.17",-,"9,539.27"
,,KARUR VYSYA BANK LTD,316.88,"6,019.00",-,"6,335.88"
,,KOTAK MAHINDRA BANK LTD.,"7,249.50","28,838.64",-,"36,088.14"
,,LAKSHMI VILAS BANK LTD,371.96,"4,882.42",-,"5,254.38"
,,NAINITAL BANK LTD,33.35,489.10,-,522.45
,,RBL BANK LTD,551.12,"3,620.68",-,"4,171.80"
,,SOUTH INDIAN BANK LTD,389.45,"5,562.49",-,"5,951.94"
,,TAMILNAD MERCANTILE BANK LTD,147.77,"2,237.56",-,"2,385.33"
,,YES BANK LTD.,"5,196.11","35,698.82",-,"40,894.93"
,,PRIVATE SECTOR BANKS,"72,718.57","647,716.72",-,"720,435.29"
,,AB BANK LIMITED,-,-,-,-
,,ABU DHABI COMMERCIAL BANK PJSC,-,58.92,-,58.92
,,AMERICAN EXPRESS BANKING CORP.,7.74,46.61,-,54.35
,,AUSTRALIA AND NEW ZEALAND BANKING GROUP LIMITED,-,-,-,-
,,"BANK OF AMERICA , NATIONAL ASSOCIATION",-,241.80,-,241.80
,,BANK OF BAHRAIN & KUWAIT B.S.C.,0.03,59.15,-,59.18
,,BANK OF CEYLON,-,60.88,-,60.88
,,BANK OF NOVA SCOTIA,-,200.00,-,200.00
,,BARCLAYS BANK PLC,897.48,"2,083.22",-,"2,980.70"
,,BNP PARIBAS,201.18,313.68,-,514.86
,,CITIBANK N.A,"1,256.72","14,496.15",-,"15,752.87"
,,COOPERATIEVE RABOBANK U.A.,-,-,-,-
,,CREDIT AGRICOLE CORPORATE AND INVESTMENT BANK,-,-,-,-
,,CREDIT SUISSE AG,-,713.84,-,713.84
,,"CTBC BANK CO., LTD.",-,90.15,-,90.15
,,DBS BANK INDIA LIMITED,68.68,"3,951.08",-,"4,019.76"
,,DEUTSCHE BANK AG,"1,207.72","16,142.90",-,"17,350.61"
,,DOHA BANK Q.P.S.C.,-,32.03,-,32.03
,,EMIRATES NBD BANK (P.J.S.C.),-,-,-,-
,,FIRST ABU DHABI BANK PJSC,-,59.74,-,59.74
,,FIRSTRAND BANK LTD,-,149.00,-,149.00
,,HONGKONG AND SHANGHAI BANKING CORPN.LTD.,"2,069.51","25,167.73",-,"27,237.24"
,,INDUSTRIAL AND COMMERCIAL BANK OF CHINA,-,-,-,-
,,INDUSTRIAL BANK OF KOREA,-,-,-,-
,,JPMORGAN CHASE BANK NATIONAL ASSOCIATION,5.31,219.22,-,224.53
,,JSC VTB BANK,-,-,-,-
,,KEB HANA BANK,-,-,-,-
,,KRUNG THAI BANK PUBLIC COMPANY LIMITED,-,-,-,-
,,MASHREQ BANK PSC,-,-,-,-
,,MIZUHO BANK LTD,67.50,2.36,-,69.86
,,"MUFG BANK, LTD.",72.51,66.56,-,139.07
,,NATIONAL AUSTRALIA BANK,-,-,-,-
,,PT BANK MAYBANK INDONESIA TBK,-,-,-,-
,,QATAR NATIONAL BANK (Q.P.S.C),-,-,-,-
,,SBERBANK,-,-,-,-
,,SBM BANK (INDIA) LIMITED,0.70,169.35,-,170.05
,,SHINHAN BANK,-,339.53,-,339.53
,,SOCIETE GENERALE,10.00,-,-,10.00
,,SONALI BANK,-,-,-,-
,,STANDARD CHARTERED BANK,"1,866.03","38,566.75",-,"40,432.78"
,,SUMITOMO MITSUI BANKING CORPORATION,40.00,"1,175.37",-,"1,215.37"
,,THE ROYAL BANK OF SCOTLAND N.V.,-,-,-,-
,,UNITED OVERSEAS BANK LTD,-,250.00,-,250.00
,,WESTPAC BANKING CORPORATION,-,-,-,-
,,WOORI BANK,-,-,-,-
,,FOREIGN BANKS,"7,771.09","104,656.03",-,"112,427.12"
,,AU SMALL FINANCE BANK LIMITED,44.98,"1,159.34",-,"1,204.32"
,,CAPITAL SMALL FINANCE BANK LIMITED,-,246.56,-,246.56
,,EQUITAS SMALL FINANCE BANK LIMITED,0.46,"1,284.99",-,"1,285.45"
,,SURYODAY SMALL FINANCE BANK LIMITED,-,45.59,-,45.59
,,UJJIVAN SMALL FINANCE BANK LIMITED,0.10,419.08,-,419.18
,,UTKARSH SMALL FINANCE BANK LIMITED,-,67.62,-,67.62
,,SMALL FINANCE BANKS,45.54,"3,223.18",-,"3,268.72"
,2018,ALL SCHEDULED COMMERCIAL BANKS,"140,078.98","1,881,096.85",-,"2,021,175.82"
,2017,STATE BANK OF BIKANER AND JAIPUR,225.96,"10,118.30",-,"10,344.26"
,,STATE BANK OF HYDERABAD,157.15,"21,381.45",-,"21,538.60"
,,STATE BANK OF INDIA,"22,803.57","359,221.42",-,"382,024.99"
,,STATE BANK OF MYSORE,46.58,"9,996.20",-,"10,042.78"
,,STATE BANK OF PATIALA,55.98,"10,085.51",-,"10,141.49"
,,STATE BANK OF TRAVANCORE,130.14,"13,103.69",-,"13,233.83"
,,STATE BANK OF INDIA AND ITS ASSOCIATES,"23,419.38","423,906.57",-,"447,325.95"
,,ALLAHABAD BANK,405.15,"14,044.06",-,"14,449.21"
,,ANDHRA BANK,531.57,"20,366.90",-,"20,898.47"
,,BANK OF BARODA,"2,951.34","48,098.07",-,"51,049.41"
,,BANK OF INDIA,"4,263.93","37,789.69",-,"42,053.62"
,,BANK OF MAHARASHTRA,282.66,"22,177.88",-,"22,460.54"
,,BHARATIYA MAHILA BANK LTD.,31.24,144.27,-,175.51
,,CANARA BANK,"2,115.24","43,631.73",-,"45,746.97"
,,CENTRAL BANK OF INDIA,"1,390.52","25,023.64",-,"26,414.16"
,,CORPORATION BANK,"1,347.64","22,341.05",-,"23,688.69"
,,DENA BANK,147.81,"10,787.14",-,"10,934.95"
,,IDBI BANK LIMITED,"2,701.88","48,005.06",-,"50,706.94"
,,INDIAN BANK,"1,025.55","20,178.67",-,"21,204.22"
,,INDIAN OVERSEAS BANK,"2,307.72","21,138.69",-,"23,446.41"
,,ORIENTAL BANK OF COMMERCE,892.57,"31,573.92",-,"32,466.49"
,,PUNJAB AND SIND BANK,105.98,"13,833.38",-,"13,939.36"
,,PUNJAB NATIONAL BANK,"9,664.23","73,035.46",-,"82,699.69"
,,SYNDICATE BANK,787.20,"29,117.36",-,"29,904.56"
,,UCO BANK,841.37,"17,449.28",-,"18,290.65"
,,UNION BANK OF INDIA,"2,678.90","52,983.26",-,"55,662.16"
,,UNITED BANK OF INDIA,171.10,"11,567.42",-,"11,738.52"
,,VIJAYA BANK,228.80,"16,505.84",-,"16,734.64"
,,NATIONALISED BANKS,"34,872.40","579,792.77",-,"614,665.17"
,,AXIS BANK LIMITED,"12,272.69","126,989.85",-,"139,262.54"
,,BANDHAN BANK LIMITED,0.20,64.82,-,65.02
,,CITY UNION BANK LIMITED,148.44,"3,026.04",-,"3,174.48"
,,CSB BANK LIMITED,0.13,864.21,-,864.34
,,DCB BANK LIMITED,351.02,"3,594.21",-,"3,945.23"
,,DHANLAXMI BANK LIMITED,20.56,"1,118.77",-,"1,139.33"
,,FEDERAL BANK LTD,446.49,"18,246.81",-,"18,693.30"
,,HDFC BANK LTD.,"13,607.72","83,122.25",-,"96,729.97"
,,ICICI BANK LIMITED,"14,867.47","190,005.79",-,"204,873.26"
,,IDFC BANK LIMITED,"2,921.15","9,269.64",-,"12,190.79"
,,INDUSIND BANK LTD,"6,076.17","21,911.29",-,"27,987.46"
,,JAMMU & KASHMIR BANK LTD,138.69,"6,175.81",-,"6,314.50"
,,KARNATAKA BANK LTD,133.86,"7,173.74",-,"7,307.60"
,,KARUR VYSYA BANK LTD,317.33,"5,290.90",-,"5,608.23"
,,KOTAK MAHINDRA BANK LTD.,"4,420.12","23,874.79",-,"28,294.91"
,,LAKSHMI VILAS BANK LTD,269.03,"2,169.93",-,"2,438.96"
,,NAINITAL BANK LTD,-,501.56,-,501.56
,,RBL BANK LTD,469.66,"3,035.04",-,"3,504.70"
,,SOUTH INDIAN BANK LTD,376.79,"4,682.20",-,"5,058.99"
,,TAMILNAD MERCANTILE BANK LTD,145.63,"2,049.53",-,"2,195.16"
,,YES BANK LTD.,"2,227.96","23,188.98",-,"25,416.94"
,,PRIVATE SECTOR BANKS,"59,211.11","536,356.16",-,"595,567.27"
,,AB BANK LIMITED,-,-,-,-
,,ABU DHABI COMMERCIAL BANK PJSC,-,68.45,-,68.45
,,AMERICAN EXPRESS BANKING CORP.,-,-,-,-
,,AUSTRALIA AND NEW ZEALAND BANKING GROUP LIMITED,-,-,-,-
,,"BANK OF AMERICA , NATIONAL ASSOCIATION",35.11,141.32,-,176.43
,,BANK OF BAHRAIN & KUWAIT B.S.C.,0.18,40.22,-,40.40
,,BANK OF CEYLON,-,55.30,-,55.30
,,BANK OF NOVA SCOTIA,-,270.00,-,270.00
,,BARCLAYS BANK PLC,267.74,"2,010.46",-,"2,278.20"
,,BNP PARIBAS,226.88,299.84,-,526.72
,,CITIBANK N.A,"2,439.66","14,759.43",-,"17,199.09"
,,COMMONWEALTH BANK OF AUSTRALIA,-,-,-,-
,,COOPERATIEVE RABOBANK U.A.,18.59,-,-,18.59
,,CREDIT AGRICOLE CORPORATE AND INVESTMENT BANK,11.25,-,-,11.25
,,CREDIT SUISSE AG,-,413.23,-,413.23
,,"CTBC BANK CO., LTD.",-,65.17,-,65.17
,,DBS BANK INDIA LIMITED,19.87,"2,497.27",-,"2,517.14"
,,DEUTSCHE BANK AG,"1,270.76","13,497.20",-,"14,767.96"
,,DOHA BANK Q.P.S.C.,-,31.07,-,31.07
,,FIRST ABU DHABI BANK PJSC,-,-,-,-
,,FIRSTRAND BANK LTD,-,80.00,-,80.00
,,HONGKONG AND SHANGHAI BANKING CORPN.LTD.,"1,430.13","21,131.36",-,"22,561.49"
,,INDUSTRIAL AND COMMERCIAL BANK OF CHINA,-,100.00,-,100.00
,,INDUSTRIAL BANK OF KOREA,-,-,-,-
,,JPMORGAN CHASE BANK NATIONAL ASSOCIATION,63.48,506.29,-,569.78
,,JSC VTB BANK,-,10.41,-,10.41
,,KEB HANA BANK,-,-,-,-
,,KRUNG THAI BANK PUBLIC COMPANY LIMITED,-,-,-,-
,,MASHREQ BANK PSC,-,-,-,-
,,MIZUHO BANK LTD,230.00,15.05,-,245.05
,,"MUFG BANK, LTD.",-,-,-,-
,,NATIONAL AUSTRALIA BANK,-,-,-,-
,,PT BANK MAYBANK INDONESIA TBK,-,-,-,-
,,SBERBANK,-,-,-,-
,,SBM BANK (INDIA) LIMITED,0.70,118.60,-,119.30
,,SHINHAN BANK,-,67.28,-,67.28
,,SOCIETE GENERALE,10.00,-,-,10.00
,,SONALI BANK,-,-,-,-
,,STANDARD CHARTERED BANK,"2,436.40","44,462.43",-,"46,898.83"
,,SUMITOMO MITSUI BANKING CORPORATION,7.62,923.26,-,930.88
,,THE ROYAL BANK OF SCOTLAND N.V.,0.03,4.63,-,4.66
,,UNITED OVERSEAS BANK LTD,-,250.00,-,250.00
,,WESTPAC BANKING CORPORATION,-,-,-,-
,,WOORI BANK,-,-,-,-
,,FOREIGN BANKS,"8,468.41","101,818.26",-,"110,286.67"
,,CAPITAL SMALL FINANCE BANK LIMITED,-,177.80,-,177.80
,,EQUITAS SMALL FINANCE BANK LIMITED,0.95,496.60,-,497.55
,,SMALL FINANCE BANKS,0.95,674.40,-,675.35
,2017,ALL SCHEDULED COMMERCIAL BANKS,"125,972.25","1,642,548.16",-,"1,768,520.41"
,2016,STATE BANK OF BIKANER AND JAIPUR,242.21,"10,290.50",-,"10,532.71"
,,STATE BANK OF HYDERABAD,391.39,"25,194.26",-,"25,585.65"
,,STATE BANK OF INDIA,"15,859.98","263,664.54",-,"279,524.52"
,,STATE BANK OF MYSORE,144.32,"10,084.91",-,"10,229.23"
,,STATE BANK OF PATIALA,116.23,"10,724.04",-,"10,840.27"
,,STATE BANK OF TRAVANCORE,236.81,"13,850.41",-,"14,087.22"
,,STATE BANK OF INDIA AND ITS ASSOCIATES,"16,990.94","333,808.66",-,"350,799.60"
,,ALLAHABAD BANK,765.74,"15,764.83",-,"16,530.57"
,,ANDHRA BANK,506.26,"18,136.93",-,"18,643.19"
,,BANK OF BARODA,"2,082.00","51,949.13",-,"54,031.13"
,,BANK OF INDIA,"3,698.34","31,377.86",-,"35,076.20"
,,BANK OF MAHARASHTRA,299.37,"23,186.17",-,"23,485.54"
,,BHARATIYA MAHILA BANK LTD.,36.70,85.33,-,122.03
,,CANARA BANK,"2,667.69","38,148.89",-,"40,816.58"
,,CENTRAL BANK OF INDIA,"1,992.72","30,288.13",-,"32,280.85"
,,CORPORATION BANK,"1,167.18","23,730.19",-,"24,897.37"
,,DENA BANK,170.23,"10,257.20",-,"10,427.43"
,,IDBI BANK LIMITED,"3,157.76","42,961.97",-,"46,119.73"
,,INDIAN BANK,658.36,"18,725.38",-,"19,383.74"
,,INDIAN OVERSEAS BANK,"2,990.33","27,316.00",-,"30,306.33"
,,ORIENTAL BANK OF COMMERCE,967.14,"25,921.75",-,"26,888.89"
,,PUNJAB AND SIND BANK,113.33,"12,874.91",-,"12,988.24"
,,PUNJAB NATIONAL BANK,"8,809.10","69,995.82",-,"78,804.92"
,,SYNDICATE BANK,"1,212.99","30,661.90",-,"31,874.89"
,,UCO BANK,708.66,"16,499.01",-,"17,207.67"
,,UNION BANK OF INDIA,"2,231.44","42,341.77",-,"44,573.21"
,,UNITED BANK OF INDIA,191.85,"11,227.80",-,"11,419.65"
,,VIJAYA BANK,220.80,"16,934.42",-,"17,155.22"
,,NATIONALISED BANKS,"34,647.99","558,385.39",-,"593,033.38"
,,AXIS BANK LIMITED,"11,575.11","112,415.63",-,"123,990.74"
,,BANDHAN BANK LIMITED,0.20,5.11,-,5.31
,,CITY UNION BANK LIMITED,105.04,"2,716.21",-,"2,821.25"
,,CSB BANK LIMITED,0.22,979.87,-,980.09
,,DCB BANK LIMITED,307.09,"2,555.35",-,"2,862.44"
,,DHANLAXMI BANK LIMITED,26.38,919.75,-,946.13
,,FEDERAL BANK LTD,220.90,"12,741.98",-,"12,962.88"
,,HDFC BANK LTD.,"12,885.10","63,919.52",-,"76,804.62"
,,ICICI BANK LIMITED,"17,105.45","165,990.30",-,"183,095.75"
,,IDFC BANK LIMITED,"3,966.45","5,377.19",-,"9,343.64"
,,INDUSIND BANK LTD,"4,433.19","18,556.10",-,"22,989.29"
,,JAMMU & KASHMIR BANK LTD,172.74,"7,731.77",-,"7,904.51"
,,KARNATAKA BANK LTD,131.04,"6,360.74",-,"6,491.78"
,,KARUR VYSYA BANK LTD,388.70,"4,964.84",-,"5,353.54"
,,KOTAK MAHINDRA BANK LTD.,"3,334.25","21,679.16",-,"25,013.41"
,,LAKSHMI VILAS BANK LTD,85.85,"1,935.66",-,"2,021.51"
,,NAINITAL BANK LTD,-,553.17,-,553.17
,,RBL BANK LTD,448.57,"2,248.02",-,"2,696.59"
,,SOUTH INDIAN BANK LTD,284.94,"3,352.23",-,"3,637.17"
,,TAMILNAD MERCANTILE BANK LTD,140.81,"1,911.13",-,"2,051.94"
,,YES BANK LTD.,"1,665.55","16,354.53",-,"18,020.08"
,,PRIVATE SECTOR BANKS,"57,277.58","453,268.26",-,"510,545.84"
,,AB BANK LIMITED,-,-,-,-
,,ABU DHABI COMMERCIAL BANK PJSC,1.81,73.84,-,75.65
,,AMERICAN EXPRESS BANKING CORP.,-,-,-,-
,,AUSTRALIA AND NEW ZEALAND BANKING GROUP LIMITED,-,-,-,-
,,"BANK OF AMERICA , NATIONAL ASSOCIATION",33.06,732.52,-,765.58
,,BANK OF BAHRAIN & KUWAIT B.S.C.,1.82,8.30,-,10.12
,,BANK OF CEYLON,-,44.75,-,44.75
,,BANK OF NOVA SCOTIA,-,620.00,-,620.00
,,BARCLAYS BANK PLC,184.99,"1,654.91",-,"1,839.89"
,,BNP PARIBAS,153.50,459.42,-,612.92
,,CITIBANK N.A,"1,294.42","18,372.47",-,"19,666.89"
,,COMMONWEALTH BANK OF AUSTRALIA,-,4.46,-,4.46
,,COOPERATIEVE RABOBANK U.A.,20.00,-,-,20.00
,,CREDIT AGRICOLE CORPORATE AND INVESTMENT BANK,-,-,-,-
,,CREDIT SUISSE AG,-,378.66,-,378.66
,,"CTBC BANK CO., LTD.",-,20.00,-,20.00
,,DBS BANK INDIA LIMITED,-,"1,748.29",-,"1,748.29"
,,DEUTSCHE BANK AG,801.43,"11,961.54",-,"12,762.97"
,,DOHA BANK Q.P.S.C.,-,-,-,-
,,FIRST ABU DHABI BANK PJSC,-,-,-,-
,,FIRSTRAND BANK LTD,-,80.00,-,80.00
,,HONGKONG AND SHANGHAI BANKING CORPN.LTD.,"3,404.58","19,288.70",-,"22,693.27"
,,INDUSTRIAL AND COMMERCIAL BANK OF CHINA,-,38.89,-,38.89
,,INDUSTRIAL BANK OF KOREA,-,-,-,-
,,JPMORGAN CHASE BANK NATIONAL ASSOCIATION,35.85,612.34,-,648.19
,,JSC VTB BANK,-,28.43,-,28.43
,,KBC BANK NV,-,-,-,-
,,KEB HANA BANK,-,-,-,-
,,KRUNG THAI BANK PUBLIC COMPANY LIMITED,-,-,-,-
,,MASHREQ BANK PSC,-,-,-,-
,,MIZUHO BANK LTD,-,12.29,-,12.29
,,"MUFG BANK, LTD.",40.40,-,-,40.40
,,NATIONAL AUSTRALIA BANK,-,-,-,-
,,PT BANK MAYBANK INDONESIA TBK,-,-,-,-
,,SBERBANK,-,-,-,-
,,SBM BANK (INDIA) LIMITED,-,6.00,-,6.00
,,SHINHAN BANK,-,34.50,-,34.50
,,SOCIETE GENERALE,10.00,-,-,10.00
,,SONALI BANK,-,-,-,-
,,STANDARD CHARTERED BANK,"1,854.24","36,218.24",-,"38,072.47"
,,SUMITOMO MITSUI BANKING CORPORATION,-,298.02,-,298.02
,,THE ROYAL BANK OF SCOTLAND N.V.,0.05,22.80,-,22.85
,,UNITED OVERSEAS BANK LTD,-,135.00,-,135.00
,,WESTPAC BANKING CORPORATION,-,-,-,-
,,WOORI BANK,-,-,-,-
,,FOREIGN BANKS,"7,836.14","92,854.37",-,"100,690.51"
,2016,ALL SCHEDULED COMMERCIAL BANKS,"116,752.65","1,438,316.68",-,"1,555,069.33"
,2015,STATE BANK OF BIKANER AND JAIPUR,227.60,"9,691.61",-,"9,919.21"
,,STATE BANK OF HYDERABAD,339.78,"20,214.27",-,"20,554.05"
,,STATE BANK OF INDIA,"13,588.24","223,388.52",-,"236,976.76"
,,STATE BANK OF MYSORE,83.87,"8,724.37",-,"8,808.24"
,,STATE BANK OF PATIALA,185.26,"8,988.89",-,"9,174.15"
,,STATE BANK OF TRAVANCORE,148.88,"12,928.02",-,"13,076.90"
,,STATE BANK OF INDIA AND ITS ASSOCIATES,"14,573.63","283,935.68",-,"298,509.31"
,,ALLAHABAD BANK,508.79,"14,575.30",-,"15,084.09"
,,ANDHRA BANK,766.22,"17,232.77",-,"17,998.99"
,,BANK OF BARODA,"2,040.74","48,668.24",-,"50,708.98"
,,BANK OF INDIA,"4,300.64","47,510.77",-,"51,811.41"
,,BANK OF MAHARASHTRA,203.57,"21,250.46",-,"21,454.03"
,,BHARATIYA MAHILA BANK LTD.,12.50,58.09,-,70.59
,,CANARA BANK,"2,456.42","29,430.54",-,"31,886.96"
,,CENTRAL BANK OF INDIA,"1,584.05","23,186.91",-,"24,770.96"
,,CORPORATION BANK,"1,065.02","20,624.37",-,"21,689.39"
,,DENA BANK,163.30,"8,692.45",-,"8,855.75"
,,IDBI BANK LIMITED,"3,463.91","40,038.10",-,"43,502.01"
,,INDIAN BANK,568.07,"16,365.68",-,"16,933.75"
,,INDIAN OVERSEAS BANK,"1,918.39","24,205.37",-,"26,123.76"
,,ORIENTAL BANK OF COMMERCE,973.96,"22,788.19",-,"23,762.15"
,,PUNJAB AND SIND BANK,130.15,"10,850.04",-,"10,980.19"
,,PUNJAB NATIONAL BANK,"5,822.23","64,891.89",-,"70,714.12"
,,SYNDICATE BANK,"1,372.32","25,395.05",-,"26,767.37"
,,UCO BANK,703.76,"14,342.45",-,"15,046.21"
,,UNION BANK OF INDIA,"2,092.37","39,525.87",-,"41,618.24"
,,UNITED BANK OF INDIA,228.17,"10,102.93",-,"10,331.10"
,,VIJAYA BANK,264.98,"18,916.88",-,"19,181.86"
,,NATIONALISED BANKS,"30,639.56","518,652.35",-,"549,291.91"
,,AXIS BANK LIMITED,"10,612.78","96,924.61",-,"107,537.39"
,,CITY UNION BANK LIMITED,125.54,"2,199.50",-,"2,325.04"
,,CSB BANK LIMITED,0.19,"1,008.21",-,"1,008.40"
,,DCB BANK LIMITED,202.77,"1,895.64",-,"2,098.41"
,,DHANLAXMI BANK LIMITED,24.14,918.20,-,942.34
,,FEDERAL BANK LTD,257.15,"10,565.38",-,"10,822.53"
,,HDFC BANK LTD.,"10,259.72","46,285.98",-,"56,545.70"
,,ICICI BANK LIMITED,"18,278.07","142,639.83",-,"160,917.90"
,,INDUSIND BANK LTD,"2,675.37","13,308.53",-,"15,983.90"
,,ING VYSYA BANK LTD,362.97,"6,981.40",-,"7,344.37"
,,JAMMU & KASHMIR BANK LTD,178.26,"5,258.97",-,"5,437.23"
,,KARNATAKA BANK LTD,164.42,"5,898.59",-,"6,063.01"
,,KARUR VYSYA BANK LTD,354.40,"4,011.13",-,"4,365.53"
,,KOTAK MAHINDRA BANK LTD.,"2,260.85","14,834.66",-,"17,095.51"
,,LAKSHMI VILAS BANK LTD,43.32,"1,181.52",-,"1,224.84"
,,NAINITAL BANK LTD,-,496.25,-,496.25
,,RBL BANK LTD,394.80,"1,671.73",-,"2,066.53"
,,SOUTH INDIAN BANK LTD,319.64,"2,637.63",-,"2,957.27"
,,TAMILNAD MERCANTILE BANK LTD,123.18,"1,732.94",-,"1,856.12"
,,YES BANK LTD.,"1,367.44","12,846.85",-,"14,214.29"
,,PRIVATE SECTOR BANKS,"48,005.01","373,297.55",-,"421,302.55"
,,AB BANK LIMITED,-,-,-,-
,,ABU DHABI COMMERCIAL BANK PJSC,1.81,44.87,-,46.68
,,AMERICAN EXPRESS BANKING CORP.,-,-,-,-
,,AUSTRALIA AND NEW ZEALAND BANKING GROUP LIMITED,-,-,-,-
,,"BANK OF AMERICA , NATIONAL ASSOCIATION",30.06,793.24,-,823.30
,,BANK OF BAHRAIN & KUWAIT B.S.C.,1.65,2.59,-,4.24
,,BANK OF CEYLON,-,23.14,-,23.14
,,BANK OF NOVA SCOTIA,-,700.00,-,700.00
,,BARCLAYS BANK PLC,319.59,"1,103.10",-,"1,422.69"
,,BNP PARIBAS,290.50,377.38,-,667.88
,,CITIBANK N.A,"1,152.71","20,240.41",-,"21,393.12"
,,COMMONWEALTH BANK OF AUSTRALIA,-,4.34,-,4.34
,,COOPERATIEVE RABOBANK U.A.,20.00,-,-,20.00
,,CREDIT AGRICOLE CORPORATE AND INVESTMENT BANK,-,-,-,-
,,CREDIT SUISSE AG,-,283.70,-,283.70
,,"CTBC BANK CO., LTD.",-,0.14,-,0.14
,,DBS BANK INDIA LIMITED,288.85,"1,481.40",-,"1,770.26"
,,DEUTSCHE BANK AG,299.49,"8,733.72",-,"9,033.22"
,,DOHA BANK Q.P.S.C.,-,-,-,-
,,FIRSTRAND BANK LTD,-,-,-,-
,,HONGKONG AND SHANGHAI BANKING CORPN.LTD.,"3,926.67","17,602.51",-,"21,529.19"
,,HSBC BANK OMAN S.A.O.G.,-,0.91,-,0.91
,,INDUSTRIAL AND COMMERCIAL BANK OF CHINA,-,247.09,-,247.09
,,JPMORGAN CHASE BANK NATIONAL ASSOCIATION,27.68,679.54,-,707.22
,,JSC VTB BANK,-,-,-,-
,,KBC BANK N.V.,-,-,-,-
,,KRUNG THAI BANK PUBLIC COMPANY LIMITED,-,-,-,-
,,MASHREQ BANK PSC,-,1.13,-,1.13
,,MIZUHO BANK LTD,-,8.45,-,8.45
,,"MUFG BANK, LTD.",-,-,-,-
,,NATIONAL AUSTRALIA BANK,-,-,-,-
,,PT BANK MAYBANK INDONESIA TBK,-,-,-,-
,,SBERBANK,-,-,-,-
,,SBM BANK (INDIA) LIMITED,0.62,6.07,-,6.69
,,SHINHAN BANK,-,2.78,-,2.78
,,SOCIETE GENERALE,10.00,-,-,10.00
,,SONALI BANK,-,-,-,-
,,STANDARD CHARTERED BANK,"3,880.44","35,607.54",-,"39,487.98"
,,SUMITOMO MITSUI BANKING CORPORATION,-,191.40,-,191.40
,,THE ROYAL BANK OF SCOTLAND N.V.,0.05,10.22,-,10.28
,,UBS AG,-,-,-,-
,,UNITED OVERSEAS BANK LTD,-,-,-,-
,,WESTPAC BANKING CORPORATION,-,-,-,-
,,WOORI BANK,-,-,-,-
,,FOREIGN BANKS,"10,250.12","88,145.67",-,"98,395.79"
,2015,ALL SCHEDULED COMMERCIAL BANKS,"103,468.32","1,264,031.25",-,"1,367,499.57"
,2014,STATE BANK OF BIKANER AND JAIPUR,220.76,"6,805.62",-,"7,026.38"
,,STATE BANK OF HYDERABAD,209.53,"15,640.42",-,"15,849.95"
,,STATE BANK OF INDIA,"8,031.87","191,164.25",-,"199,196.12"
,,STATE BANK OF MYSORE,101.19,"7,482.05",-,"7,583.24"
,,STATE BANK OF PATIALA,149.93,"7,992.29",-,"8,142.22"
,,STATE BANK OF TRAVANCORE,148.40,"11,547.19",-,"11,695.59"
,,STATE BANK OF INDIA AND ITS ASSOCIATES,"8,861.68","240,631.82",-,"249,493.50"
,,ALLAHABAD BANK,822.14,"13,392.84",-,"14,214.98"
,,ANDHRA BANK,693.03,"13,056.11",-,"13,749.14"
,,BANK OF BARODA,"3,015.18","43,706.88",-,"46,722.06"
,,BANK OF INDIA,"3,825.19","37,187.78",-,"41,012.97"
,,BANK OF MAHARASHTRA,225.43,"19,295.80",-,"19,521.23"
,,BHARATIYA MAHILA BANK LTD.,-,25.00,-,25.00
,,CANARA BANK,"2,880.22","26,554.69",-,"29,434.91"
,,CENTRAL BANK OF INDIA,"1,643.52","23,057.34",-,"24,700.86"
,,CORPORATION BANK,"1,170.49","18,489.03",-,"19,659.52"
,,DENA BANK,160.26,"9,073.20",-,"9,233.46"
,,IDBI BANK LIMITED,"3,602.31","42,746.22",-,"46,348.53"
,,INDIAN BANK,785.65,"14,993.73",-,"15,779.38"
,,INDIAN OVERSEAS BANK,"2,176.94","22,985.17",-,"25,162.11"
,,ORIENTAL BANK OF COMMERCE,"1,065.57","19,634.05",-,"20,699.62"
,,PUNJAB AND SIND BANK,163.41,"8,079.78",-,"8,243.19"
,,PUNJAB NATIONAL BANK,"4,705.57","62,542.16",-,"67,247.73"
,,SYNDICATE BANK,"1,008.65","22,020.22",-,"23,028.87"
,,UCO BANK,767.22,"10,406.89",-,"11,174.11"
,,UNION BANK OF INDIA,"1,909.98","33,427.80",-,"35,337.78"
,,UNITED BANK OF INDIA,372.84,"8,855.34",-,"9,228.18"
,,VIJAYA BANK,295.01,"17,207.67",-,"17,502.68"
,,NATIONALISED BANKS,"31,288.61","466,737.70",-,"498,026.31"
,,AXIS BANK LIMITED,"7,973.01","81,555.20",-,"89,528.21"
,,CITY UNION BANK LIMITED,148.80,"1,811.71",-,"1,960.51"
,,CSB BANK LIMITED,0.28,775.74,-,776.02
,,DCB BANK LIMITED,147.14,"1,371.12",-,"1,518.26"
,,DHANLAXMI BANK LIMITED,15.78,875.18,-,890.96
,,FEDERAL BANK LTD,335.53,"7,899.06",-,"8,234.59"
,,HDFC BANK LTD.,"9,015.56","36,977.12",-,"45,992.68"
,,ICICI BANK LIMITED,"17,273.69","116,390.77",-,"133,664.46"
,,INDUSIND BANK LTD,"1,720.33","8,095.58",-,"9,815.91"
,,ING VYSYA BANK LTD,211.35,"7,853.06",-,"8,064.42"
,,JAMMU & KASHMIR BANK LTD,177.91,"4,937.60",-,"5,115.51"
,,KARNATAKA BANK LTD,220.02,"5,017.63",-,"5,237.65"
,,KARUR VYSYA BANK LTD,307.39,"3,294.00",-,"3,601.39"
,,KOTAK MAHINDRA BANK LTD.,"1,416.14","12,815.09",-,"14,231.23"
,,LAKSHMI VILAS BANK LTD,42.46,599.91,-,642.37
,,NAINITAL BANK LTD,14.50,470.49,-,484.99
,,RBL BANK LTD,369.58,"1,556.51",-,"1,926.09"
,,SOUTH INDIAN BANK LTD,248.94,"2,071.65",-,"2,320.59"
,,TAMILNAD MERCANTILE BANK LTD,168.78,"1,532.37",-,"1,701.15"
,,YES BANK LTD.,"1,055.58","9,644.35",-,"10,699.93"
,,PRIVATE SECTOR BANKS,"40,862.77","305,544.15",-,"346,406.92"
,,AB BANK LIMITED,-,-,-,-
,,ABU DHABI COMMERCIAL BANK PJSC,0.86,20.36,-,21.22
,,AMERICAN EXPRESS BANKING CORP.,-,-,-,-
,,AUSTRALIA AND NEW ZEALAND BANKING GROUP LIMITED,-,-,-,-
,,"BANK OF AMERICA , NATIONAL ASSOCIATION",0.06,"1,139.25",-,"1,139.31"
,,BANK OF BAHRAIN & KUWAIT B.S.C.,0.08,4.76,-,4.84
,,BANK OF CEYLON,-,15.84,-,15.84
,,BANK OF NOVA SCOTIA,-,780.00,-,780.00
,,BARCLAYS BANK PLC,378.89,"1,074.03",-,"1,452.92"
,,BNP PARIBAS,314.37,406.58,-,720.95
,,CITIBANK N.A,"1,959.55","18,678.11",-,"20,637.66"
,,COMMONWEALTH BANK OF AUSTRALIA,-,25.66,-,25.66
,,COOPERATIEVE RABOBANK U.A.,-,-,-,-
,,CREDIT AGRICOLE CORPORATE AND INVESTMENT BANK,-,30.00,-,30.00
,,CREDIT SUISSE AG,-,372.58,-,372.58
,,"CTBC BANK CO., LTD.",-,20.17,-,20.17
,,DBS BANK INDIA LIMITED,353.13,"1,776.18",-,"2,129.30"
,,DEUTSCHE BANK AG,225.55,"6,221.60",-,"6,447.15"
,,FIRSTRAND BANK LTD,-,-,-,-
,,HONGKONG AND SHANGHAI BANKING CORPN.LTD.,"2,950.13","15,817.48",-,"18,767.62"
,,HSBC BANK OMAN S.A.O.G.,-,1.50,-,1.50
,,INDUSTRIAL AND COMMERCIAL BANK OF CHINA,-,74.18,-,74.18
,,JPMORGAN CHASE BANK NATIONAL ASSOCIATION,261.88,262.83,-,524.71
,,JSC VTB BANK,-,32.01,-,32.01
,,KBC BANK N.V.,-,-,-,-
,,KRUNG THAI BANK PUBLIC COMPANY LIMITED,-,-,-,-
,,MASHREQ BANK PSC,-,1.13,-,1.13
,,MIZUHO BANK LTD,-,5.07,-,5.07
,,"MUFG BANK, LTD.",-,18.00,-,18.00
,,NATIONAL AUSTRALIA BANK,-,-,-,-
,,PT BANK MAYBANK INDONESIA TBK,-,-,-,-
,,SBERBANK,-,-,-,-
,,SBM BANK (INDIA) LIMITED,0.36,6.07,-,6.43
,,SHINHAN BANK,-,34.52,-,34.52
,,SOCIETE GENERALE,10.07,-,-,10.07
,,SONALI BANK,-,-,-,-
,,STANDARD CHARTERED BANK,"2,841.97","35,228.96",-,"38,070.93"
,,SUMITOMO MITSUI BANKING CORPORATION,-,-,-,-
,,THE ROYAL BANK OF SCOTLAND N.V.,0.05,41.47,-,41.52
,,UBS AG,-,-,-,-
,,UNITED OVERSEAS BANK LTD,-,10.00,-,10.00
,,WESTPAC BANKING CORPORATION,-,-,-,-
,,WOORI BANK,-,-,-,-
,,FOREIGN BANKS,"9,296.95","82,098.34",-,"91,395.29"
,2014,ALL SCHEDULED COMMERCIAL BANKS,"90,310.02","1,095,012.01",-,"1,185,322.02"
,2013,STATE BANK OF BIKANER AND JAIPUR,141.34,"7,157.69",-,"7,299.03"
,,STATE BANK OF HYDERABAD,249.03,"12,477.98",-,"12,727.01"
,,STATE BANK OF INDIA,"7,209.35","173,586.39",-,"180,795.74"
,,STATE BANK OF MYSORE,107.96,"6,682.04",-,"6,790.00"
,,STATE BANK OF PATIALA,214.16,"8,519.73",-,"8,733.89"
,,STATE BANK OF TRAVANCORE,183.63,"10,694.24",-,"10,877.87"
,,STATE BANK OF INDIA AND ITS ASSOCIATES,"8,105.47","219,118.07",-,"227,223.54"
,,ALLAHABAD BANK,"1,746.06","13,260.60",-,"15,006.66"
,,ANDHRA BANK,439.62,"12,881.44",-,"13,321.06"
,,BANK OF BARODA,"3,882.82","30,861.48",-,"34,744.30"
,,BANK OF INDIA,"3,321.13","26,628.09",-,"29,949.22"
,,BANK OF MAHARASHTRA,218.04,"14,531.99",-,"14,750.03"
,,CANARA BANK,"3,391.46","15,770.22",-,"19,161.68"
,,CENTRAL BANK OF INDIA,"1,904.11","23,639.02",-,"25,543.13"
,,CORPORATION BANK,"1,198.50","15,673.03",-,"16,871.53"
,,DENA BANK,141.23,"7,096.81",-,"7,238.04"
,,IDBI BANK LIMITED,"3,396.28","38,636.91",-,"42,033.19"
,,INDIAN BANK,710.97,"11,940.44",-,"12,651.41"
,,INDIAN OVERSEAS BANK,"2,099.96","18,333.40",-,"20,433.36"
,,ORIENTAL BANK OF COMMERCE,"1,221.51","17,703.90",-,"18,925.41"
,,PUNJAB AND SIND BANK,215.99,"7,681.67",-,"7,897.66"
,,PUNJAB NATIONAL BANK,"3,820.05","52,413.99",-,"56,234.04"
,,SYNDICATE BANK,"1,062.29","21,724.61",-,"22,786.90"
,,UCO BANK,761.76,"9,700.17",-,"10,461.93"
,,UNION BANK OF INDIA,"2,149.90","25,928.79",-,"28,078.69"
,,UNITED BANK OF INDIA,393.75,"8,196.30",-,"8,590.05"
,,VIJAYA BANK,314.82,"11,720.35",-,"12,035.17"
,,NATIONALISED BANKS,"32,390.25","384,323.21",-,"416,713.46"
,,AXIS BANK LIMITED,"6,364.84","62,020.69",-,"68,385.53"
,,CITY UNION BANK LIMITED,172.29,"1,550.69",-,"1,722.98"
,,CSB BANK LIMITED,0.92,679.58,-,680.50
,,DCB BANK LIMITED,85.97,"1,130.90",-,"1,216.87"
,,DHANLAXMI BANK LIMITED,45.44,"1,219.17",-,"1,264.61"
,,FEDERAL BANK LTD,363.60,"7,756.54",-,"8,120.14"
,,HDFC BANK LTD.,"7,509.80","30,121.47",-,"37,631.27"
,,ICICI BANK LIMITED,"19,245.44","96,431.28",-,"115,676.72"
,,INDUSIND BANK LTD,"1,797.64","4,156.51",-,"5,954.15"
,,ING VYSYA BANK LTD,351.13,"7,361.24",-,"7,712.37"
,,JAMMU & KASHMIR BANK LTD,177.61,"4,676.67",-,"4,854.28"
,,KARNATAKA BANK LTD,246.19,"3,279.50",-,"3,525.69"
,,KARUR VYSYA BANK LTD,483.06,"2,417.58",-,"2,900.64"
,,KOTAK MAHINDRA BANK LTD.,"1,281.86","12,315.03",-,"13,596.89"
,,LAKSHMI VILAS BANK LTD,118.19,429.81,-,548.00
,,NAINITAL BANK LTD,14.50,410.03,-,424.53
,,RBL BANK LTD,150.20,567.55,-,717.75
,,SOUTH INDIAN BANK LTD,195.68,"1,741.91",-,"1,937.59"
,,TAMILNAD MERCANTILE BANK LTD,136.41,"1,423.50",-,"1,559.91"
,,YES BANK LTD.,"1,482.56","8,377.35",-,"9,859.91"
,,PRIVATE SECTOR BANKS,"40,223.33","248,067.00",-,"288,290.34"
,,AB BANK LIMITED,-,-,-,-
,,ABU DHABI COMMERCIAL BANK PJSC,5.31,22.49,-,27.80
,,AMERICAN EXPRESS BANKING CORP.,-,-,-,-
,,AUSTRALIA AND NEW ZEALAND BANKING GROUP LIMITED,-,-,-,-
,,"BANK OF AMERICA , NATIONAL ASSOCIATION",0.06,"1,066.51",-,"1,066.57"
,,BANK OF BAHRAIN & KUWAIT B.S.C.,0.20,6.69,-,6.89
,,BANK OF CEYLON,-,8.61,-,8.61
,,BANK OF NOVA SCOTIA,-,825.00,-,825.00
,,BARCLAYS BANK PLC,464.94,766.58,-,"1,231.52"
,,BNP PARIBAS,240.65,358.33,-,598.98
,,CITIBANK N.A,"1,836.93","18,900.47",-,"20,737.40"
,,COMMONWEALTH BANK OF AUSTRALIA,-,-,-,-
,,COOPERATIEVE RABOBANK U.A.,-,-,-,-
,,CREDIT AGRICOLE CORPORATE AND INVESTMENT BANK,-,30.00,-,30.00
,,CREDIT SUISSE AG,-,120.56,-,120.56
,,"CTBC BANK CO., LTD.",-,-,-,-
,,DBS BANK INDIA LIMITED,440.00,"1,178.55",-,"1,618.55"
,,DEUTSCHE BANK AG,214.40,"4,461.49",-,"4,675.89"
,,FIRSTRAND BANK LTD,-,-,-,-
,,HONGKONG AND SHANGHAI BANKING CORPN.LTD.,"2,136.22","12,645.48",-,"14,781.70"
,,HSBC BANK OMAN S.A.O.G.,-,1.61,-,1.61
,,INDUSTRIAL AND COMMERCIAL BANK OF CHINA,-,-,-,-
,,JPMORGAN CHASE BANK NATIONAL ASSOCIATION,14.69,281.48,-,296.18
,,JSC VTB BANK,-,18.25,-,18.25
,,KBC BANK N.V.,-,-,-,-
,,KRUNG THAI BANK PUBLIC COMPANY LIMITED,-,-,-,-
,,MASHREQ BANK PSC,-,1.13,-,1.13
,,MIZUHO BANK LTD,-,3.75,-,3.75
,,"MUFG BANK, LTD.",-,-,-,-
,,NATIONAL AUSTRALIA BANK,-,-,-,-
,,PT BANK MAYBANK INDONESIA TBK,-,-,-,-
,,SBERBANK,-,-,-,-
,,SBM BANK (INDIA) LIMITED,0.68,20.73,-,21.41
,,SHINHAN BANK,-,34.25,-,34.25
,,SOCIETE GENERALE,10.07,-,-,10.07
,,SONALI BANK,-,-,-,-
,,STANDARD CHARTERED BANK,"2,459.65","30,407.05",-,"32,866.70"
,,SUMITOMO MITSUI BANKING CORPORATION,-,-,-,-
,,THE ROYAL BANK OF SCOTLAND N.V.,59.34,416.69,-,476.03
,,UBS AG,37.05,66.32,-,103.37
,,UNITED OVERSEAS BANK LTD,-,-,-,-
,,WESTPAC BANKING CORPORATION,-,-,-,-
,,WOORI BANK,-,-,-,-
,,FOREIGN BANKS,"7,920.19","71,642.02",-,"79,562.21"
,2013,ALL SCHEDULED COMMERCIAL BANKS,"88,639.24","923,150.30",-,"1,011,789.54"
,2012,STATE BANK OF BIKANER AND JAIPUR,115.46,"5,834.07",-,"5,949.53"
,,STATE BANK OF HYDERABAD,267.84,"10,515.72",-,"10,783.56"
,,STATE BANK OF INDIA,"3,570.26","144,668.36",-,"148,238.62"
,,STATE BANK OF MYSORE,116.61,"5,525.26",-,"5,641.87"
,,STATE BANK OF PATIALA,357.16,"6,922.92",-,"7,280.08"
,,STATE BANK OF TRAVANCORE,221.72,"10,850.12",-,"11,071.84"
,,STATE BANK OF INDIA AND ITS ASSOCIATES,"4,649.05","184,316.45",-,"188,965.50"
,,ALLAHABAD BANK,687.75,"11,850.98",-,"12,538.73"
,,ANDHRA BANK,982.21,"9,129.14",-,"10,111.35"
,,BANK OF BARODA,"2,939.39","27,157.40",-,"30,096.79"
,,BANK OF INDIA,"3,342.10","24,049.57",-,"27,391.67"
,,BANK OF MAHARASHTRA,268.94,"10,213.98",-,"10,482.92"
,,CANARA BANK,"3,778.10","17,685.03",-,"21,463.13"
,,CENTRAL BANK OF INDIA,"2,166.52","18,780.32",-,"20,946.84"
,,CORPORATION BANK,"1,408.50","14,984.86",-,"16,393.36"
,,DENA BANK,143.70,"6,172.90",-,"6,316.60"
,,IDBI BANK LIMITED,"3,877.56","36,784.47",-,"40,662.03"
,,INDIAN BANK,811.65,"12,310.02",-,"13,121.67"
,,INDIAN OVERSEAS BANK,"2,166.33","17,485.23",-,"19,651.56"
,,ORIENTAL BANK OF COMMERCE,"1,310.19","14,539.64",-,"15,849.83"
,,PUNJAB AND SIND BANK,192.54,"7,155.40",-,"7,347.94"
,,PUNJAB NATIONAL BANK,"4,042.71","48,474.59",-,"52,517.30"
,,SYNDICATE BANK,"1,385.44","16,773.54",-,"18,158.98"
,,UCO BANK,832.85,"11,112.54",-,"11,945.39"
,,UNION BANK OF INDIA,"2,388.63","20,580.69",-,"22,969.32"
,,UNITED BANK OF INDIA,413.02,"7,647.55",-,"8,060.57"
,,VIJAYA BANK,463.73,"11,291.94",-,"11,755.67"
,,NATIONALISED BANKS,"33,601.86","344,179.79",-,"377,781.65"
,,AXIS BANK LIMITED,"4,746.85","52,730.39",-,"57,477.24"
,,CITY UNION BANK LIMITED,226.00,"1,234.15",-,"1,460.15"
,,CSB BANK LIMITED,0.82,628.52,-,629.34
,,DCB BANK LIMITED,47.73,906.66,-,954.39
,,DHANLAXMI BANK LIMITED,62.83,"1,861.52",-,"1,924.35"
,,FEDERAL BANK LTD,377.16,"6,854.27",-,"7,231.43"
,,HDFC BANK LTD.,"7,307.52","25,020.26",-,"32,327.78"
,,ICICI BANK LIMITED,"20,340.87","81,421.73",-,"101,762.60"
,,INDUSIND BANK LTD,"1,187.69","1,736.91",-,"2,924.60"
,,ING VYSYA BANK LTD,395.71,"6,028.66",-,"6,424.37"
,,JAMMU & KASHMIR BANK LTD,361.13,"4,451.64",-,"4,812.77"
,,KARNATAKA BANK LTD,243.15,"2,607.05",-,"2,850.20"
,,KARUR VYSYA BANK LTD,488.40,"1,699.63",-,"2,188.03"
,,KOTAK MAHINDRA BANK LTD.,"1,052.08","9,832.37",-,"10,884.45"
,,LAKSHMI VILAS BANK LTD,77.42,526.93,-,604.35
,,NAINITAL BANK LTD,30.50,397.33,-,427.83
,,RBL BANK LTD,45.60,253.19,-,298.79
,,SBI COMMERCIAL & INTERNATIONAL BANK LTD,-,-,-,-
,,SOUTH INDIAN BANK LTD,160.93,"1,659.61",-,"1,820.54"
,,TAMILNAD MERCANTILE BANK LTD,146.60,"1,231.24",-,"1,377.84"
,,YES BANK LTD.,729.07,"3,590.95",-,"4,320.02"
,,PRIVATE SECTOR BANKS,"38,028.06","204,673.00",-,"242,701.06"
,,AB BANK LIMITED,-,-,-,-
,,ABU DHABI COMMERCIAL BANK PJSC,9.30,20.11,-,29.41
,,AMERICAN EXPRESS BANKING CORP.,-,-,-,-
,,AUSTRALIA AND NEW ZEALAND BANKING GROUP LIMITED,-,-,-,-
,,"BANK OF AMERICA , NATIONAL ASSOCIATION",50.94,"1,486.05",-,"1,536.99"
,,BANK OF BAHRAIN & KUWAIT B.S.C.,0.58,24.72,-,25.30
,,BANK OF CEYLON,-,2.32,-,2.32
,,BANK OF NOVA SCOTIA,-,670.00,-,670.00
,,BARCLAYS BANK PLC,458.69,"1,571.99",-,"2,030.68"
,,BNP PARIBAS,361.04,574.34,-,935.38
,,CITIBANK N.A,"2,766.28","15,423.31",-,"18,189.59"
,,COMMONWEALTH BANK OF AUSTRALIA,-,-,-,-
,,COOPERATIEVE RABOBANK U.A.,-,-,-,-
,,CREDIT AGRICOLE CORPORATE AND INVESTMENT BANK,-,30.00,-,30.00
,,CREDIT SUISSE AG,-,-,-,-
,,"CTBC BANK CO., LTD.",-,0.09,-,0.09
,,DBS BANK INDIA LIMITED,65.00,829.84,-,894.84
,,DEUTSCHE BANK AG,568.01,"3,583.38",-,"4,151.38"
,,FIRSTRAND BANK LTD,-,-,-,-
,,HONGKONG AND SHANGHAI BANKING CORPN.LTD.,"1,093.05","10,597.41",-,"11,690.46"
,,HSBC BANK OMAN S.A.O.G.,-,1.82,-,1.82
,,INDUSTRIAL AND COMMERCIAL BANK OF CHINA,-,-,-,-
,,JPMORGAN CHASE BANK NATIONAL ASSOCIATION,74.99,707.08,-,782.07
,,JSC VTB BANK,-,20.00,-,20.00
,,KBC BANK N.V.,-,-,-,-
,,KRUNG THAI BANK PUBLIC COMPANY LIMITED,-,-,-,-
,,MASHREQ BANK PSC,-,1.13,-,1.13
,,MIZUHO BANK LTD,-,2.53,-,2.53
,,"MUFG BANK, LTD.",-,-,-,-
,,NATIONAL AUSTRALIA BANK,-,-,-,-
,,PT BANK MAYBANK INDONESIA TBK,-,-,-,-
,,SBERBANK,-,-,-,-
,,SBM BANK (INDIA) LIMITED,0.20,17.37,-,17.57
,,SHINHAN BANK,-,33.44,-,33.44
,,SOCIETE GENERALE,10.07,-,-,10.07
,,SONALI BANK,-,-,-,-
,,STANDARD CHARTERED BANK,"2,400.96","26,027.78",-,"28,428.74"
,,THE ROYAL BANK OF SCOTLAND N.V.,423.78,665.82,-,"1,089.60"
,,UBS AG,55.00,105.51,-,160.51
,,UNITED OVERSEAS BANK LTD,-,-,-,-
,,WOORI BANK,-,-,-,-
,,FOREIGN BANKS,"8,337.87","62,396.05",-,"70,733.92"
,2012,ALL SCHEDULED COMMERCIAL BANKS,"84,616.84","795,565.30",-,"880,182.14"
,2011,STATE BANK OF BIKANER AND JAIPUR,207.96,"4,884.89",-,"5,092.85"
,,STATE BANK OF HYDERABAD,254.26,"8,614.83",-,"8,869.09"
,,STATE BANK OF INDIA,"10,335.30","134,623.49",-,"144,958.79"
,,STATE BANK OF MYSORE,170.11,"4,852.38",-,"5,022.49"
,,STATE BANK OF PATIALA,391.23,"6,164.33",-,"6,555.56"
,,STATE BANK OF TRAVANCORE,252.42,"9,535.24",-,"9,787.66"
,,STATE BANK OF INDIA AND ITS ASSOCIATES,"11,611.28","168,675.16",-,"180,286.44"
,,ALLAHABAD BANK,827.67,"8,620.44",-,"9,448.11"
,,ANDHRA BANK,910.11,"9,155.32",-,"10,065.43"
,,BANK OF BARODA,"2,606.44","23,857.95",-,"26,464.39"
,,BANK OF INDIA,"3,247.43","20,811.93",-,"24,059.36"
,,BANK OF MAHARASHTRA,230.74,"8,110.51",-,"8,341.25"
,,CANARA BANK,"3,264.48","16,450.69",-,"19,715.17"
,,CENTRAL BANK OF INDIA,"2,307.91","17,350.99",-,"19,658.90"
,,CORPORATION BANK,"1,509.87","13,572.66",-,"15,082.53"
,,DENA BANK,256.24,"5,164.97",-,"5,421.21"
,,IDBI BANK LIMITED,"4,523.35","31,291.29",-,"35,814.64"
,,INDIAN BANK,894.88,"9,651.87",-,"10,546.75"
,,INDIAN OVERSEAS BANK,"1,724.54","15,041.33",-,"16,765.87"
,,ORIENTAL BANK OF COMMERCE,"1,317.17","15,106.12",-,"16,423.29"
,,PUNJAB AND SIND BANK,145.12,"6,459.79",-,"6,604.91"
,,PUNJAB NATIONAL BANK,"3,804.86","42,687.77",-,"46,492.63"
,,SYNDICATE BANK,"1,536.63","14,049.39",-,"15,586.02"
,,UCO BANK,917.85,"12,190.50",-,"13,108.35"
,,UNION BANK OF INDIA,"2,312.77","18,542.74",-,"20,855.51"
,,UNITED BANK OF INDIA,365.87,"9,046.15",-,"9,412.02"
,,VIJAYA BANK,407.03,"10,196.81",-,"10,603.84"
,,NATIONALISED BANKS,"33,110.96","307,359.22",-,"340,470.18"
,,AXIS BANK LIMITED,"3,541.75","39,401.32",-,"42,943.07"
,,BANK OF RAJASTHAN LTD,-,-,-,-
,,CITY UNION BANK LIMITED,134.25,869.23,-,"1,003.48"
,,CSB BANK LIMITED,9.24,650.85,-,660.09
,,DCB BANK LIMITED,53.48,694.28,-,747.76
,,DHANLAXMI BANK LIMITED,66.62,"1,085.90",-,"1,152.52"
,,FEDERAL BANK LTD,300.63,"6,887.31",-,"7,187.94"
,,HDFC BANK LTD.,"6,020.58","30,277.17",-,"36,297.75"
,,ICICI BANK LIMITED,"26,572.95","77,733.98",-,"104,306.93"
,,INDUSIND BANK LTD,820.22,"1,506.47",-,"2,326.69"
,,ING VYSYA BANK LTD,231.37,"5,871.46",-,"6,102.84"
,,JAMMU & KASHMIR BANK LTD,612.61,"2,942.89",-,"3,555.50"
,,KARNATAKA BANK LTD,247.29,"1,938.96",-,"2,186.25"
,,KARUR VYSYA BANK LTD,348.42,"1,142.11",-,"1,490.53"
,,KOTAK MAHINDRA BANK LTD.,"1,012.91","8,988.10",-,"10,001.01"
,,LAKSHMI VILAS BANK LTD,109.55,619.08,-,728.63
,,NAINITAL BANK LTD,18.76,339.19,-,357.95
,,RBL BANK LTD,11.80,92.00,-,103.80
,,SBI COMMERCIAL & INTERNATIONAL BANK LTD,3.92,10.28,-,14.19
,,SOUTH INDIAN BANK LTD,106.38,"1,616.15",-,"1,722.53"
,,TAMILNAD MERCANTILE BANK LTD,77.95,"1,024.61",-,"1,102.56"
,,YES BANK LTD.,936.78,"2,361.53",-,"3,298.31"
,,PRIVATE SECTOR BANKS,"41,237.46","186,052.88",-,"227,290.34"
,,AB BANK LIMITED,-,-,-,-
,,ABU DHABI COMMERCIAL BANK PJSC,10.74,19.14,-,29.88
,,AMERICAN EXPRESS BANKING CORP.,-,-,-,-
,,"BANK OF AMERICA , NATIONAL ASSOCIATION",44.06,"1,186.01",-,"1,230.07"
,,BANK OF BAHRAIN & KUWAIT B.S.C.,1.27,23.47,-,24.74
,,BANK OF CEYLON,-,1.51,-,1.51
,,BANK OF NOVA SCOTIA,-,670.00,-,670.00
,,BARCLAYS BANK PLC,587.86,"1,699.39",-,"2,287.25"
,,BNP PARIBAS,288.04,603.05,-,891.09
,,CITIBANK N.A,"2,533.94","11,849.10",-,"14,383.04"
,,COMMONWEALTH BANK OF AUSTRALIA,-,-,-,-
,,CREDIT AGRICOLE CORPORATE AND INVESTMENT BANK,-,30.00,-,30.00
,,"CTBC BANK CO., LTD.",-,0.10,-,0.10
,,DBS BANK INDIA LIMITED,85.00,672.40,-,757.40
,,DEUTSCHE BANK AG,542.72,"2,827.55",-,"3,370.27"
,,FIRSTRAND BANK LTD,-,-,-,-
,,HONGKONG AND SHANGHAI BANKING CORPN.LTD.,"1,185.76","10,336.65",-,"11,522.41"
,,HSBC BANK OMAN S.A.O.G.,-,2.06,-,2.06
,,JPMORGAN CHASE BANK NATIONAL ASSOCIATION,8.04,373.27,-,381.31
,,JSC VTB BANK,-,14.00,-,14.00
,,KBC BANK N.V.,-,-,-,-
,,KRUNG THAI BANK PUBLIC COMPANY LIMITED,-,-,-,-
,,MASHREQ BANK PSC,-,1.13,-,1.13
,,MIZUHO BANK LTD,-,1.29,-,1.29
,,"MUFG BANK, LTD.",-,-,-,-
,,PT BANK MAYBANK INDONESIA TBK,-,-,-,-
,,SBM BANK (INDIA) LIMITED,-,17.42,-,17.42
,,SHINHAN BANK,-,32.46,-,32.46
,,SOCIETE GENERALE,10.07,-,-,10.07
,,SONALI BANK,-,-,-,-
,,STANDARD CHARTERED BANK,"1,562.44","24,213.82",-,"25,776.26"
,,THE ROYAL BANK OF SCOTLAND N.V.,215.44,"1,004.39",-,"1,219.83"
,,UBS AG,-,108.38,-,108.38
,,UNITED OVERSEAS BANK LTD,-,-,-,-
,,FOREIGN BANKS,"7,075.38","55,686.61",-,"62,761.99"
,,STATE BANK OF INDORE,-,-,-,-
,,PUBLIC SECTOR BANKS,-,-,-,-
,2011,ALL SCHEDULED COMMERCIAL BANKS,"93,035.08","717,773.87",-,"810,808.94"
,2010,STATE BANK OF BIKANER AND JAIPUR,250.44,"4,108.47",-,"4,358.91"
,,STATE BANK OF HYDERABAD,885.07,"6,731.60",-,"7,616.67"
,,STATE BANK OF INDIA,"7,895.33","87,125.16",-,"95,020.49"
,,STATE BANK OF INDORE,149.14,"2,179.42",-,"2,328.56"
,,STATE BANK OF MYSORE,138.71,"4,624.58",-,"4,763.29"
,,STATE BANK OF PATIALA,385.23,"4,987.76",-,"5,372.99"
,,STATE BANK OF TRAVANCORE,271.50,"7,908.47",-,"8,179.97"
,,STATE BANK OF INDIA AND ITS ASSOCIATES,"9,975.42","117,665.46",-,"127,640.88"
,,ALLAHABAD BANK,978.82,"6,651.55",-,"7,630.37"
,,ANDHRA BANK,287.40,"5,287.47",-,"5,574.87"
,,BANK OF BARODA,"2,544.84","22,572.97",-,"25,117.81"
,,BANK OF INDIA,"3,364.43","19,166.71",-,"22,531.14"
,,BANK OF MAHARASHTRA,209.05,"8,083.77",-,"8,292.82"
,,CANARA BANK,"1,777.01","14,951.83",-,"16,728.84"
,,CENTRAL BANK OF INDIA,"1,461.41","16,846.36",-,"18,307.77"
,,CORPORATION BANK,"1,035.40","10,087.79",-,"11,123.19"
,,DENA BANK,214.92,"4,731.92",-,"4,946.84"
,,IDBI BANK LIMITED,"3,112.62","31,007.00",-,"34,119.62"
,,INDIAN BANK,987.76,"9,657.66",-,"10,645.42"
,,INDIAN OVERSEAS BANK,"1,899.17","12,726.23",-,"14,625.40"
,,ORIENTAL BANK OF COMMERCE,"1,214.89","14,931.02",-,"16,145.91"
,,PUNJAB AND SIND BANK,123.79,"5,670.65",-,"5,794.44"
,,PUNJAB NATIONAL BANK,"3,579.11","30,717.36",-,"34,296.47"
,,SYNDICATE BANK,"1,127.38","14,681.36",-,"15,808.74"
,,UCO BANK,670.43,"7,829.96",-,"8,500.39"
,,UNION BANK OF INDIA,"2,142.94","16,543.26",-,"18,686.20"
,,UNITED BANK OF INDIA,460.32,"6,324.75",-,"6,785.07"
,,VIJAYA BANK,333.91,"10,276.68",-,"10,610.59"
,,NATIONALISED BANKS,"27,525.60","268,746.30",-,"296,271.90"
,,AXIS BANK LIMITED,"3,006.29","26,674.33",-,"29,680.62"
,,BANK OF RAJASTHAN LTD,43.38,"1,037.80",-,"1,081.18"
,,CITY UNION BANK LIMITED,27.76,568.63,-,596.39
,,CSB BANK LIMITED,18.92,498.77,-,517.69
,,DCB BANK LIMITED,38.01,380.47,-,418.48
,,DHANLAXMI BANK LIMITED,4.27,460.85,-,465.12
,,FEDERAL BANK LTD,386.00,"6,308.44",-,"6,694.44"
,,HDFC BANK LTD.,"5,685.75","25,293.08",-,"30,978.83"
,,ICICI BANK LIMITED,"11,126.95","63,870.73",-,"74,997.68"
,,INDUSIND BANK LTD,671.63,900.19,-,"1,571.82"
,,ING VYSYA BANK LTD,288.00,"5,593.76",-,"5,881.76"
,,JAMMU & KASHMIR BANK LTD,452.61,"2,282.08",-,"2,734.69"
,,KARNATAKA BANK LTD,237.82,"1,896.37",-,"2,134.19"
,,KARUR VYSYA BANK LTD,270.82,983.72,-,"1,254.54"
,,KOTAK MAHINDRA BANK LTD.,676.59,"5,774.28",-,"6,450.87"
,,LAKSHMI VILAS BANK LTD,145.53,431.87,-,577.40
,,NAINITAL BANK LTD,1.11,378.46,-,379.57
,,RBL BANK LTD,13.12,96.78,-,109.90
,,SBI COMMERCIAL & INTERNATIONAL BANK LTD,3.98,23.98,-,27.96
,,SOUTH INDIAN BANK LTD,96.41,"1,567.64",-,"1,664.05"
,,TAMILNAD MERCANTILE BANK LTD,101.72,954.91,-,"1,056.63"
,,YES BANK LTD.,276.22,"1,670.61",-,"1,946.83"
,,PRIVATE SECTOR BANKS,"23,572.89","147,647.75",-,"171,220.64"
,,AB BANK LIMITED,-,-,-,-
,,ABU DHABI COMMERCIAL BANK PJSC,11.68,18.36,-,30.03
,,AMERICAN EXPRESS BANKING CORP.,-,-,-,-
,,"BANK OF AMERICA , NATIONAL ASSOCIATION",0.06,954.19,-,954.25
,,BANK OF BAHRAIN & KUWAIT B.S.C.,0.20,16.10,-,16.30
,,BANK OF CEYLON,-,0.67,-,0.67
,,BANK OF NOVA SCOTIA,-,575.00,-,575.00
,,BARCLAYS BANK PLC,615.09,"1,412.30",-,"2,027.39"
,,BNP PARIBAS,143.02,575.54,-,718.56
,,CITIBANK N.A,"2,220.10","12,384.90",-,"14,605.00"
,,CREDIT AGRICOLE CORPORATE AND INVESTMENT BANK,-,30.00,-,30.00
,,"CTBC BANK CO., LTD.",-,16.91,-,16.91
,,DBS BANK INDIA LIMITED,-,755.93,-,755.93
,,DEUTSCHE BANK AG,307.52,"2,034.75",-,"2,342.27"
,,FIRSTRAND BANK LTD,-,-,-,-
,,HONGKONG AND SHANGHAI BANKING CORPN.LTD.,"1,157.71","10,786.47",-,"11,944.18"
,,HSBC BANK OMAN S.A.O.G.,-,1.83,-,1.83
,,JPMORGAN CHASE BANK NATIONAL ASSOCIATION,-,152.07,-,152.07
,,JSC VTB BANK,-,-,-,-
,,KBC BANK N.V.,-,-,-,-
,,KRUNG THAI BANK PUBLIC COMPANY LIMITED,-,-,-,-
,,MASHREQ BANK PSC,-,1.14,-,1.14
,,MIZUHO BANK LTD,-,0.80,-,0.80
,,"MUFG BANK, LTD.",-,-,-,-
,,PT BANK MAYBANK INDONESIA TBK,-,-,-,-
,,SBM BANK (INDIA) LIMITED,-,37.58,-,37.58
,,SHINHAN BANK,-,35.55,-,35.55
,,SOCIETE GENERALE,40.07,45.00,-,85.07
,,SONALI BANK,-,-,-,-
,,STANDARD CHARTERED BANK,"1,857.44","15,332.62",-,"17,190.07"
,,THE ROYAL BANK OF SCOTLAND N.V.,291.63,"1,593.23",-,"1,884.86"
,,UBS AG,-,10.02,-,10.02
,,FOREIGN BANKS,"6,644.52","46,770.96",-,"53,415.48"
,2010,ALL SCHEDULED COMMERCIAL BANKS,"67,718.43","580,830.47",-,"648,548.90"
,2009,STATE BANK OF BIKANER AND JAIPUR,232.63,"4,236.80",-,"4,469.43"
,,STATE BANK OF HYDERABAD,349.39,"5,506.50",-,"5,855.89"
,,STATE BANK OF INDIA,"6,974.33","64,104.97",-,"71,079.30"
,,STATE BANK OF INDORE,146.88,"2,416.73",-,"2,563.61"
,,STATE BANK OF MYSORE,211.09,"4,817.02",-,"5,028.11"
,,STATE BANK OF PATIALA,405.04,"5,015.37",-,"5,420.41"
,,STATE BANK OF TRAVANCORE,354.14,"6,847.86",-,"7,202.00"
,,STATE BANK OF INDIA AND ITS ASSOCIATES,"8,673.50","92,945.25",-,"101,618.75"
,,ALLAHABAD BANK,745.09,"6,785.56",-,"7,530.65"
,,ANDHRA BANK,493.50,"5,673.17",-,"6,166.67"
,,BANK OF BARODA,"1,342.40","15,812.08",-,"17,154.48"
,,BANK OF INDIA,"2,965.65","19,701.99",-,"22,667.64"
,,BANK OF MAHARASHTRA,279.95,"6,573.22",-,"6,853.17"
,,CANARA BANK,"1,730.64","15,968.86",-,"17,699.50"
,,CENTRAL BANK OF INDIA,"1,745.06","17,249.81",-,"18,994.87"
,,CORPORATION BANK,684.03,"9,393.49",-,"10,077.52"
,,DENA BANK,238.45,"4,134.46",-,"4,372.91"
,,IDBI BANK LIMITED,"2,946.54","21,793.45",-,"24,739.99"
,,INDIAN BANK,"1,146.54","11,549.45",-,"12,695.99"
,,INDIAN OVERSEAS BANK,"1,770.87","10,471.77",-,"12,242.64"
,,ORIENTAL BANK OF COMMERCE,950.34,"13,226.90",-,"14,177.24"
,,PUNJAB AND SIND BANK,58.80,"4,129.81",-,"4,188.61"
,,PUNJAB NATIONAL BANK,"3,475.91","29,720.63",-,"33,196.54"
,,SYNDICATE BANK,699.99,"10,682.34",-,"11,382.33"
,,UCO BANK,666.02,"6,847.03",-,"7,513.05"
,,UNION BANK OF INDIA,"1,620.82","17,016.72",-,"18,637.54"
,,UNITED BANK OF INDIA,526.70,"5,808.69",-,"6,335.39"
,,VIJAYA BANK,358.44,"8,826.52",-,"9,184.96"
,,NATIONALISED BANKS,"24,445.74","241,365.95",-,"265,811.69"
,,AXIS BANK LIMITED,"2,331.05","19,190.74",-,"21,521.79"
,,BANK OF RAJASTHAN LTD,173.78,"1,234.06",-,"1,407.84"
,,CENTURION BANK OF PUNJAB LTD.,-,-,-,-
,,CITY UNION BANK LIMITED,47.22,976.31,-,"1,023.53"
,,CSB BANK LIMITED,7.38,597.94,-,605.32
,,DCB BANK LIMITED,64.73,224.79,-,289.52
,,DHANLAXMI BANK LIMITED,9.03,336.99,-,346.02
,,FEDERAL BANK LTD,419.59,"5,757.69",-,"6,177.28"
,,HDFC BANK LTD.,"4,320.21","18,473.80",-,"22,794.01"
,,ICICI BANK LIMITED,"6,183.48","76,802.09",-,"82,985.57"
,,INDUSIND BANK LTD,375.27,665.81,-,"1,041.08"
,,ING VYSYA BANK LTD,430.39,"4,289.81",-,"4,720.20"
,,JAMMU & KASHMIR BANK LTD,403.53,"2,564.77",897.49,"3,865.79"
,,KARNATAKA BANK LTD,213.88,"2,230.59",-,"2,444.47"
,,KARUR VYSYA BANK LTD,276.45,"1,024.53",-,"1,300.98"
,,KOTAK MAHINDRA BANK LTD.,386.08,"6,926.37",-,"7,312.45"
,,LAKSHMI VILAS BANK LTD,120.55,563.84,-,684.39
,,NAINITAL BANK LTD,1.11,229.10,-,230.21
,,RBL BANK LTD,12.00,133.87,-,145.87
,,SBI COMMERCIAL & INTERNATIONAL BANK LTD,4.64,12.37,-,17.01
,,SOUTH INDIAN BANK LTD,94.83,"1,677.10",-,"1,771.93"
,,TAMILNAD MERCANTILE BANK LTD,57.08,610.56,-,667.64
,,YES BANK LTD.,118.67,"1,024.29",-,"1,142.96"
,,PRIVATE SECTOR BANKS,"16,050.95","145,547.42",897.49,"162,495.86"
,,AB BANK LIMITED,-,-,-,-
,,ABU DHABI COMMERCIAL BANK PJSC,10.78,15.45,-,26.24
,,AMERICAN EXPRESS BANKING CORP.,-,-,-,-
,,"BANK OF AMERICA , NATIONAL ASSOCIATION",0.06,843.74,-,843.80
,,BANK OF BAHRAIN & KUWAIT B.S.C.,-,15.19,-,15.19
,,BANK OF CEYLON,-,8.56,-,8.56
,,BANK OF NOVA SCOTIA,-,425.00,-,425.00
,,BARCLAYS BANK PLC,201.58,"1,138.61",-,"1,340.19"
,,BNP PARIBAS,68.90,278.40,-,347.30
,,CITIBANK N.A,"2,140.20","14,897.60",-,"17,037.80"
,,CREDIT AGRICOLE CORPORATE AND INVESTMENT BANK,-,30.00,-,30.00
,,"CTBC BANK CO., LTD.",-,15.78,-,15.78
,,DBS BANK INDIA LIMITED,-,562.46,-,562.46
,,DEUTSCHE BANK AG,246.31,"2,500.49",-,"2,746.79"
,,HONGKONG AND SHANGHAI BANKING CORPN.LTD.,"1,461.27","10,614.43",-,"12,075.70"
,,HSBC BANK OMAN S.A.O.G.,-,1.57,-,1.57
,,JPMORGAN CHASE BANK NATIONAL ASSOCIATION,-,-,-,-
,,JSC VTB BANK,-,-,-,-
,,KBC BANK N.V.,-,-,-,-
,,KRUNG THAI BANK PUBLIC COMPANY LIMITED,-,-,-,-
,,MASHREQ BANK PSC,-,1.18,-,1.18
,,MIZUHO BANK LTD,-,0.77,-,0.77
,,"MUFG BANK, LTD.",-,-,-,-
,,PT BANK MAYBANK INDONESIA TBK,-,-,-,-
,,SBM BANK (INDIA) LIMITED,-,38.35,-,38.35
,,SHINHAN BANK,-,54.45,-,54.45
,,SOCIETE GENERALE,40.47,45.00,-,85.47
,,SONALI BANK,-,-,-,-
,,STANDARD CHARTERED BANK,"1,494.58","10,862.24",-,"12,356.82"
,,THE ROYAL BANK OF SCOTLAND PLC,363.51,"2,870.96",-,"3,234.47"
,,UBS AG,-,-,-,-
,,FOREIGN BANKS,"6,027.66","45,220.23",-,"51,247.89"
,,STATE BANK OF SAURASHTRA,-,-,-,-
,,PUBLIC SECTOR BANKS,-,-,-,-
,2009,ALL SCHEDULED COMMERCIAL BANKS,"55,197.86","525,078.85",897.49,"581,174.19"
,2008,STATE BANK OF BIKANER AND JAIPUR,250.68,"3,727.09",-,"3,977.77"
,,STATE BANK OF HYDERABAD,376.31,"5,358.82",-,"5,735.13"
,,STATE BANK OF INDIA,"6,588.35","57,870.54",-,"64,458.89"
,,STATE BANK OF INDORE,175.69,"2,276.00",-,"2,451.69"
,,STATE BANK OF MYSORE,144.54,"3,658.41",-,"3,802.95"
,,STATE BANK OF PATIALA,443.25,"4,694.73",-,"5,137.98"
,,STATE BANK OF SAURASHTRA,97.12,"2,789.48",-,"2,886.60"
,,STATE BANK OF TRAVANCORE,352.82,"5,392.75",-,"5,745.57"
,,STATE BANK OF INDIA AND ITS ASSOCIATES,"8,428.76","85,767.82",-,"94,196.58"
,,ALLAHABAD BANK,867.71,"7,179.05",-,"8,046.76"
,,ANDHRA BANK,407.32,"5,536.11",-,"5,943.43"
,,BANK OF BARODA,"1,119.42","13,729.67",-,"14,849.09"
,,BANK OF INDIA,"1,913.14","16,630.05",-,"18,543.19"
,,BANK OF MAHARASHTRA,321.40,"6,924.22",-,"7,245.62"
,,CANARA BANK,"1,740.98","14,586.03",-,"16,327.01"
,,CENTRAL BANK OF INDIA,"1,694.84","10,498.40",-,"12,193.24"
,,CORPORATION BANK,794.32,"8,993.17",734.11,"10,521.60"
,,DENA BANK,336.95,"3,625.10",-,"3,962.05"
,,IDBI LIMITED,"2,975.72","15,730.61",-,"18,706.33"
,,INDIAN BANK,"1,154.82","8,630.31",-,"9,785.13"
,,INDIAN OVERSEAS BANK,961.63,"7,132.72",-,"8,094.35"
,,ORIENTAL BANK OF COMMERCE,"1,039.67","9,162.23",-,"10,201.90"
,,PUNJAB AND SIND BANK,103.10,"3,416.32",-,"3,519.42"
,,PUNJAB NATIONAL BANK,"2,965.12","23,182.25",-,"26,147.37"
,,SYNDICATE BANK,884.34,"9,409.65",-,"10,293.99"
,,UCO BANK,569.31,"7,162.85",-,"7,732.16"
,,UNION BANK OF INDIA,"1,819.86","13,079.67",-,"14,899.53"
,,UNITED BANK OF INDIA,491.12,"5,204.96",-,"5,696.08"
,,VIJAYA BANK,412.09,"7,843.65",-,"8,255.74"
,,NATIONALISED BANKS,"22,572.86","197,657.02",734.11,"220,963.99"
,,AXIS BANK LIMITED,"1,850.68","15,202.05",-,"17,052.73"
,,BANK OF RAJASTHAN LTD,97.22,"1,177.76",-,"1,274.98"
,,CENTURION BANK OF PUNJAB LTD.,"6,692.00","3,637.46",-,"10,329.46"
,,CITY UNION BANK LIMITED,46.71,833.23,-,879.94
,,CSB BANK LIMITED,10.11,564.18,-,574.29
,,DCB BANK LIMITED,77.30,384.16,-,461.46
,,DHANLAXMI BANK LIMITED,18.56,339.69,-,358.25
,,FEDERAL BANK LTD,590.85,"4,116.14",-,"4,706.99"
,,HDFC BANK LTD.,"4,483.92","10,157.04",-,"14,640.96"
,,ICICI BANK LIMITED,"8,482.81","81,300.24",-,"89,783.05"
,,INDUSIND BANK LTD,350.87,468.02,-,818.89
,,ING VYSYA BANK LTD,498.56,"3,123.25",-,"3,621.81"
,,JAMMU & KASHMIR BANK LTD,539.65,"2,626.81",809.28,"3,975.74"
,,KARNATAKA BANK LTD,274.24,"2,115.70",-,"2,389.94"
,,KARUR VYSYA BANK LTD,208.93,770.01,-,978.94
,,KOTAK MAHINDRA BANK LTD.,473.42,"5,304.45",-,"5,777.87"
,,LAKSHMI VILAS BANK LTD,117.58,504.86,-,622.44
,,LORD KRISHNA BANK LTD,-,-,-,-
,,NAINITAL BANK LTD,1.11,223.20,-,224.31
,,RBL BANK LTD,14.73,84.80,-,99.53
,,SANGLI BANK LTD,-,-,-,-
,,SBI COMMERCIAL & INTERNATIONAL BANK LTD,4.77,8.95,-,13.72
,,SOUTH INDIAN BANK LTD,55.53,"1,654.30",-,"1,709.83"
,,TAMILNAD MERCANTILE BANK LTD,60.83,502.53,-,563.36
,,YES BANK LTD.,318.06,"1,003.59",-,"1,321.65"
,,PRIVATE SECTOR BANKS,"25,268.44","136,102.42",809.28,"162,180.14"
,,AB BANK LIMITED,-,-,-,-
,,ABU DHABI COMMERCIAL BANK PJSC,5.97,1.50,-,7.47
,,AMERICAN EXPRESS BANK LTD,-,-,-,-
,,"BANK OF AMERICA , NATIONAL ASSOCIATION",35.06,212.43,-,247.49
,,BANK OF BAHRAIN & KUWAIT B.S.C.,-,12.08,-,12.08
,,BANK OF CEYLON,-,4.29,-,4.29
,,BANK OF NOVA SCOTIA,3.05,378.86,-,381.91
,,BARCLAYS BANK PLC,307.36,258.56,-,565.93
,,BNP PARIBAS,69.92,363.49,-,433.41
,,CITIBANK N.A,"1,114.40","9,402.70",-,"10,517.10"
,,CREDIT AGRICOLE CORPORATE AND INVESTMENT BANK,-,-,-,-
,,"CTBC BANK CO., LTD.",-,23.89,-,23.89
,,DBS BANK INDIA LIMITED,-,507.26,100.53,607.79
,,DEUTSCHE BANK AG,273.46,996.85,-,"1,270.31"
,,HONGKONG AND SHANGHAI BANKING CORPN.LTD.,"1,445.18","12,035.59",-,"13,480.77"
,,HSBC BANK OMAN S.A.O.G.,-,1.07,-,1.07
,,JPMORGAN CHASE BANK NATIONAL ASSOCIATION,-,193.80,-,193.80
,,KBC BANK N.V.,-,-,-,-
,,KRUNG THAI BANK PUBLIC COMPANY LIMITED,-,-,-,-
,,MASHREQ BANK PSC,-,0.19,-,0.19
,,MIZUHO BANK LTD,-,50.72,-,50.72
,,"MUFG BANK, LTD.",-,2.75,-,2.75
,,PT BANK MAYBANK INDONESIA TBK,-,-,-,-
,,SBM BANK (INDIA) LIMITED,-,28.60,-,28.60
,,SHINHAN BANK,-,46.82,-,46.82
,,SOCIETE GENERALE,41.67,64.40,-,106.07
,,SONALI BANK,-,-,-,-
,,STANDARD CHARTERED BANK,"1,387.42","9,446.76",-,"10,834.18"
,,THE ROYAL BANK OF SCOTLAND PLC,684.79,"3,298.36",-,"3,983.16"
,,FOREIGN BANKS,"5,368.28","37,330.97",100.53,"42,799.79"
,2008,ALL SCHEDULED COMMERCIAL BANKS,"61,638.34","456,858.24","1,643.92","520,140.50"
,2007,STATE BANK OF BIKANER AND JAIPUR,98.60,"2,793.16",-,"2,891.76"
,,STATE BANK OF HYDERABAD,116.18,"4,213.57",-,"4,329.75"
,,STATE BANK OF INDIA,"3,266.49","40,721.13",-,"43,987.62"
,,STATE BANK OF INDORE,117.14,"2,049.19",-,"2,166.33"
,,STATE BANK OF MYSORE,196.42,"2,538.49",-,"2,734.91"
,,STATE BANK OF PATIALA,144.15,"2,607.86",-,"2,752.01"
,,STATE BANK OF SAURASHTRA,32.05,"2,544.13",-,"2,576.18"
,,STATE BANK OF TRAVANCORE,127.68,"4,887.68",-,"5,015.36"
,,STATE BANK OF INDIA AND ITS ASSOCIATES,"4,098.71","62,355.21",-,"66,453.92"
,,ALLAHABAD BANK,486.91,"6,418.63",-,"6,905.54"
,,ANDHRA BANK,299.23,"4,720.18",-,"5,019.41"
,,BANK OF BARODA,788.66,"10,656.82",-,"11,445.48"
,,BANK OF INDIA,"1,841.48","12,798.33",-,"14,639.81"
,,BANK OF MAHARASHTRA,294.12,"4,560.36",-,"4,854.48"
,,CANARA BANK,"1,466.33","13,479.33",-,"14,945.66"
,,CENTRAL BANK OF INDIA,"1,191.76","7,122.36",-,"8,314.12"
,,CORPORATION BANK,508.58,"8,665.44",351.15,"9,525.17"
,,DENA BANK,177.96,"3,176.77",-,"3,354.73"
,,IDBI LIMITED,"2,599.76","13,797.60",-,"16,397.36"
,,INDIAN BANK,692.94,"6,076.67",-,"6,769.61"
,,INDIAN OVERSEAS BANK,499.20,"6,537.85",-,"7,037.05"
,,ORIENTAL BANK OF COMMERCE,922.33,"7,602.88",-,"8,525.21"
,,PUNJAB AND SIND BANK,50.50,"2,042.31",-,"2,092.81"
,,PUNJAB NATIONAL BANK,"1,522.94","14,393.66",-,"15,916.60"
,,SYNDICATE BANK,902.29,"6,962.31",-,"7,864.60"
,,UCO BANK,362.27,"6,795.79",-,"7,158.06"
,,UNION BANK OF INDIA,"1,237.89","11,024.79",-,"12,262.68"
,,UNITED BANK OF INDIA,311.18,"4,268.18",-,"4,579.36"
,,VIJAYA BANK,365.81,"6,329.33",-,"6,695.14"
,,NATIONALISED BANKS,"16,522.14","157,429.59",351.15,"174,302.88"
,,AXIS BANK LIMITED,941.74,"11,209.99",-,"12,151.73"
,,BANK OF RAJASTHAN LTD,350.83,968.19,-,"1,319.02"
,,BHARAT OVERSEAS BANK LTD,-,-,-,-
,,CENTURION BANK OF PUNJAB LTD.,327.73,"1,473.25",-,"1,800.98"
,,CITY UNION BANK LIMITED,26.19,373.64,-,399.83
,,CSB BANK LIMITED,5.82,491.33,-,497.15
,,DCB BANK LIMITED,50.61,407.87,-,458.48
,,DHANLAXMI BANK LIMITED,15.67,279.36,-,295.03
,,FEDERAL BANK LTD,285.83,"3,123.83",-,"3,409.66"
,,GANESH BANK OF KURUNDWAD LTD,-,-,-,-
,,HDFC BANK LTD.,"1,564.48","7,320.12",-,"8,884.60"
,,ICICI BANK LIMITED,"5,519.78","79,716.79",-,"85,236.57"
,,INDUSIND BANK LTD,330.69,433.51,-,764.20
,,ING VYSYA BANK LTD,201.14,"2,203.67",-,"2,404.81"
,,JAMMU & KASHMIR BANK LTD,380.91,"2,884.55",500.91,"3,766.37"
,,KARNATAKA BANK LTD,152.97,"2,119.92",-,"2,272.89"
,,KARUR VYSYA BANK LTD,101.67,625.89,-,727.56
,,KOTAK MAHINDRA BANK LTD.,199.35,"2,185.84",-,"2,385.19"
,,LAKSHMI VILAS BANK LTD,92.99,258.37,-,351.36
,,LORD KRISHNA BANK LTD,9.74,264.37,-,274.11
,,NAINITAL BANK LTD,1.50,191.75,-,193.25
,,RBL BANK LTD,5.90,68.99,-,74.89
,,SANGLI BANK LTD,0.77,8.17,-,8.94
,,SBI COMMERCIAL & INTERNATIONAL BANK LTD,3.44,20.78,-,24.22
,,SOUTH INDIAN BANK LTD,27.31,"1,242.76",-,"1,270.07"
,,TAMILNAD MERCANTILE BANK LTD,45.15,440.83,-,485.98
,,UNITED WESTERN BANK LTD,-,-,-,-
,,YES BANK LTD.,33.96,"1,345.43",-,"1,379.39"
,,PRIVATE SECTOR BANKS,"10,676.18","119,659.20",500.91,"130,836.28"
,,AB BANK LIMITED,-,-,-,-
,,ABU DHABI COMMERCIAL BANK PJSC,3.38,1.87,-,5.25
,,AMERICAN EXPRESS BANK LTD,-,65.02,-,65.02
,,"BANK OF AMERICA , NATIONAL ASSOCIATION",100.06,254.15,-,354.21
,,BANK OF BAHRAIN & KUWAIT B.S.C.,-,-,-,-
,,BANK OF CEYLON,-,7.88,-,7.88
,,BANK OF NOVA SCOTIA,-,173.86,-,173.86
,,BARCLAYS BANK PLC,-,136.43,-,136.43
,,BNP PARIBAS,73.89,193.00,-,266.89
,,CITIBANK N.A,854.70,"6,718.10",-,"7,572.80"
,,CREDIT AGRICOLE CORPORATE AND INVESTMENT BANK,20.00,2.50,-,22.50
,,"CTBC BANK CO., LTD.",-,11.54,-,11.54
,,DBS BANK INDIA LIMITED,-,464.83,10.36,475.19
,,DEUTSCHE BANK AG,49.08,539.61,-,588.69
,,HONGKONG AND SHANGHAI BANKING CORPN.LTD.,517.09,"11,060.27",-,"11,577.36"
,,HSBC BANK OMAN S.A.O.G.,-,1.24,-,1.24
,,JPMORGAN CHASE BANK NATIONAL ASSOCIATION,-,425.10,-,425.10
,,KBC BANK NV,-,-,-,-
,,KRUNG THAI BANK PUBLIC COMPANY LIMITED,-,-,-,-
,,MASHREQ BANK PSC,-,0.13,-,0.13
,,MIZUHO BANK LTD,-,-,-,-
,,"MUFG BANK, LTD.",-,2.75,-,2.75
,,PT BANK MAYBANK INDONESIA TBK,-,-,-,-
,,SBM BANK (INDIA) LIMITED,0.21,36.04,-,36.25
,,SHINHAN BANK,-,-,-,-
,,SOCIETE GENERALE,0.32,25.99,-,26.31
,,SONALI BANK,-,-,-,-
,,STANDARD CHARTERED BANK,"1,077.95","9,808.82",-,"10,886.77"
,,THE ROYAL BANK OF SCOTLAND PLC,"1,112.44","3,501.13",-,"4,613.57"
,,FOREIGN BANKS,"3,809.12","33,430.26",10.36,"37,249.74"
,2007,ALL SCHEDULED COMMERCIAL BANKS,"35,106.15","372,874.26",862.42,"408,842.82"
,2006,STATE BANK OF BIKANER AND JAIPUR,139.14,"2,291.73",-,"2,430.87"
,,STATE BANK OF HYDERABAD,296.31,"3,310.22",-,"3,606.53"
,,STATE BANK OF INDIA,"2,338.70","32,721.34",-,"35,060.04"
,,STATE BANK OF INDORE,107.23,"1,480.61",-,"1,587.84"
,,STATE BANK OF MYSORE,120.04,"1,290.09",-,"1,410.13"
,,STATE BANK OF PATIALA,173.05,998.03,-,"1,171.08"
,,STATE BANK OF SAURASHTRA,102.29,515.09,-,617.38
,,STATE BANK OF TRAVANCORE,98.46,"3,536.10",-,"3,634.56"
,,STATE BANK OF INDIA AND ITS ASSOCIATES,"3,375.22","46,143.21",-,"49,518.43"
,,ALLAHABAD BANK,363.00,"4,086.00",-,"4,449.00"
,,ANDHRA BANK,195.67,"2,755.71",-,"2,951.38"
,,BANK OF BARODA,599.70,"7,020.38",-,"7,620.08"
,,BANK OF INDIA,"1,277.42","8,495.76",-,"9,773.18"
,,BANK OF MAHARASHTRA,121.00,"3,060.66",-,"3,181.66"
,,CANARA BANK,"1,043.07","11,486.57",-,"12,529.64"
,,CENTRAL BANK OF INDIA,428.25,"4,178.78",-,"4,607.03"
,,CORPORATION BANK,369.58,"6,470.90",335.42,"7,175.90"
,,DENA BANK,167.25,"1,795.52",-,"1,962.77"
,,IDBI LIMITED,"1,478.33","10,053.16",-,"11,531.49"
,,INDIAN BANK,221.49,"4,315.54",-,"4,537.03"
,,INDIAN OVERSEAS BANK,355.50,"4,496.18",-,"4,851.68"
,,ORIENTAL BANK OF COMMERCE,624.77,"3,669.20",-,"4,293.97"
,,PUNJAB AND SIND BANK,47.21,"1,856.13",82.00,"1,985.34"
,,PUNJAB NATIONAL BANK,"1,093.18","12,221.87",-,"13,315.05"
,,SYNDICATE BANK,292.21,"5,267.50",-,"5,559.71"
,,UCO BANK,303.35,"4,707.49",810.12,"5,820.96"
,,UNION BANK OF INDIA,693.29,"8,120.56",-,"8,813.85"
,,UNITED BANK OF INDIA,173.01,"3,217.49",-,"3,390.50"
,,VIJAYA BANK,247.48,"4,614.72",-,"4,862.20"
,,NATIONALISED BANKS,"10,094.76","111,890.12","1,227.54","123,212.42"
,,AXIS BANK LIMITED,477.69,"4,269.42",-,"4,747.11"
,,BANK OF PUNJAB LIMITED,-,-,-,-
,,BANK OF RAJASTHAN LTD,37.27,765.26,-,802.53
,,BHARAT OVERSEAS BANK LTD,37.07,325.40,-,362.47
,,CENTURION BANK OF PUNJAB LTD.,54.78,832.20,-,886.98
,,CITY UNION BANK LIMITED,17.54,157.24,-,174.78
,,CSB BANK LIMITED,4.24,473.08,-,477.32
,,DCB BANK LIMITED,34.66,379.35,-,414.01
,,DHANLAXMI BANK LIMITED,10.89,241.30,-,252.19
,,FEDERAL BANK LTD,172.95,"2,250.82",-,"2,423.77"
,,GANESH BANK OF KURUNDWAD LTD,0.04,5.48,7.48,13.00
,,HDFC BANK LTD.,"1,594.21","4,834.53",-,"6,428.74"
,,ICICI BANK LIMITED,"2,819.35","53,827.25",-,"56,646.60"
,,INDUSIND BANK LTD,165.12,705.18,-,870.30
,,ING VYSYA BANK LTD,230.20,"1,698.99",-,"1,929.19"
,,JAMMU & KASHMIR BANK LTD,187.91,"2,187.13",147.26,"2,522.30"
,,KARNATAKA BANK LTD,123.13,"1,575.17",-,"1,698.30"
,,KARUR VYSYA BANK LTD,76.86,274.88,-,351.74
,,KOTAK MAHINDRA BANK LTD.,129.98,"1,374.11",-,"1,504.09"
,,LAKSHMI VILAS BANK LTD,47.46,146.51,-,193.97
,,LORD KRISHNA BANK LTD,18.71,296.97,-,315.68
,,NAINITAL BANK LTD,1.50,178.98,-,180.48
,,RBL BANK LTD,4.12,40.41,-,44.53
,,SANGLI BANK LTD,1.85,9.08,-,10.93
,,SBI COMMERCIAL & INTERNATIONAL BANK LTD,3.99,18.95,-,22.94
,,SOUTH INDIAN BANK LTD,26.26,796.85,-,823.11
,,TAMILNAD MERCANTILE BANK LTD,22.62,159.94,-,182.56
,,UNITED WESTERN BANK LTD,24.60,484.03,-,508.63
,,YES BANK LTD.,6.63,758.18,-,764.81
,,PRIVATE SECTOR BANKS,"6,331.63","79,066.68",154.74,"85,553.06"
,,AB BANK LIMITED,-,-,-,-
,,ABU DHABI COMMERCIAL BANK PJSC,2.69,2.63,-,5.33
,,AMERICAN EXPRESS BANK LTD,0.18,58.93,-,59.11
,,"BANK OF AMERICA , NATIONAL ASSOCIATION",150.06,-,-,150.06
,,BANK OF BAHRAIN & KUWAIT B.S.C.,-,1.46,-,1.46
,,BANK OF CEYLON,-,1.00,-,1.00
,,BANK OF NOVA SCOTIA,-,111.50,-,111.50
,,BARCLAYS BANK PLC,-,97.16,-,97.16
,,BNP PARIBAS,10.89,133.00,-,143.89
,,CITIBANK N.A,734.10,"5,481.30",-,"6,215.40"
,,CREDIT AGRICOLE CORPORATE AND INVESTMENT BANK,30.00,27.23,-,57.23
,,"CTBC BANK CO., LTD.",-,3.83,-,3.83
,,DBS BANK INDIA LIMITED,-,200.35,31.64,231.99
,,DEUTSCHE BANK AG,21.01,96.64,-,117.65
,,HONGKONG AND SHANGHAI BANKING CORPN.LTD.,375.60,"7,833.27",-,"8,208.87"
,,HSBC BANK OMAN S.A.O.G.,-,0.82,-,0.82
,,ING BANK N.V.,-,-,-,-
,,JPMORGAN CHASE BANK NATIONAL ASSOCIATION,-,-,-,-
,,KBC BANK NV,-,-,-,-
,,KRUNG THAI BANK PUBLIC COMPANY LIMITED,-,-,-,-
,,MASHREQ BANK PSC,-,0.30,-,0.30
,,MIZUHO BANK LTD,-,-,-,-
,,"MUFG BANK, LTD.",0.62,2.75,-,3.37
,,PT BANK MAYBANK INDONESIA TBK,-,-,-,-
,,SBM BANK (INDIA) LIMITED,-,23.95,-,23.95
,,SHINHAN BANK,-,-,-,-
,,SOCIETE GENERALE,0.03,40.00,-,40.03
,,SONALI BANK,-,-,-,-
,,STANDARD CHARTERED BANK,974.61,"8,443.70",-,"9,418.31"
,,THE ROYAL BANK OF SCOTLAND PLC,201.76,"2,394.02",-,"2,595.78"
,,UFJ BANK LTD,-,-,-,-
,,FOREIGN BANKS,"2,501.55","24,953.84",31.64,"27,487.03"
,2006,ALL SCHEDULED COMMERCIAL BANKS,"22,303.16","262,053.85","1,413.92","285,770.93"
,2005,STATE BANK OF BIKANER AND JAIPUR,94.76,270.83,-,365.59
,,STATE BANK OF HYDERABAD,202.73,"2,414.93",-,"2,617.66"
,,STATE BANK OF INDIA,"1,691.57","16,550.69",-,"18,242.26"
,,STATE BANK OF INDORE,84.75,14.49,-,99.24
,,STATE BANK OF MYSORE,74.07,973.19,-,"1,047.26"
,,STATE BANK OF PATIALA,95.95,569.24,-,665.19
,,STATE BANK OF SAURASHTRA,104.91,-,-,104.91
,,STATE BANK OF TRAVANCORE,50.11,"2,450.90",-,"2,501.01"
,,STATE BANK OF INDIA AND ITS ASSOCIATES,"2,398.85","23,244.27",-,"25,643.12"
,,ALLAHABAD BANK,246.04,"2,893.50",-,"3,139.54"
,,ANDHRA BANK,281.69,10.30,-,291.99
,,BANK OF BARODA,591.30,"4,277.67",-,"4,868.97"
,,BANK OF INDIA,"1,057.21","6,199.57",-,"7,256.78"
,,BANK OF MAHARASHTRA,76.16,"1,939.49",-,"2,015.65"
,,CANARA BANK,249.15,203.53,-,452.68
,,CENTRAL BANK OF INDIA,307.90,"3,521.68",-,"3,829.58"
,,CORPORATION BANK,76.92,"4,473.78",319.57,"4,870.27"
,,DENA BANK,-,-,-,-
,,IDBI LIMITED,"2,103.05","5,942.74",-,"8,045.79"
,,INDIAN BANK,168.18,"3,389.11",-,"3,557.29"
,,INDIAN OVERSEAS BANK,410.23,"2,822.65",-,"3,232.88"
,,ORIENTAL BANK OF COMMERCE,296.02,-,-,296.02
,,PUNJAB AND SIND BANK,74.10,995.81,131.68,"1,201.59"
,,PUNJAB NATIONAL BANK,-,-,-,-
,,SYNDICATE BANK,78.84,"3,629.53",-,"3,708.37"
,,UCO BANK,157.61,"2,758.84",755.26,"3,671.71"
,,UNION BANK OF INDIA,497.97,"6,136.69",-,"6,634.66"
,,UNITED BANK OF INDIA,103.48,"1,076.57",-,"1,180.05"
,,VIJAYA BANK,215.48,"3,797.27",-,"4,012.75"
,,NATIONALISED BANKS,"6,991.33","54,068.73","1,206.51","62,266.57"
,,AXIS BANK LIMITED,410.15,"1,583.70",-,"1,993.85"
,,BANK OF PUNJAB LIMITED,29.05,27.92,40.32,97.29
,,BANK OF RAJASTHAN LTD,58.32,626.48,-,684.80
,,BHARAT OVERSEAS BANK LTD,33.36,23.43,-,56.79
,,CENTURION BANK OF PUNJAB LTD.,36.71,2.27,-,38.98
,,CITY UNION BANK LIMITED,17.44,156.94,-,174.38
,,CSB BANK LIMITED,3.87,382.60,-,386.47
,,DCB BANK LIMITED,1.50,301.81,-,303.31
,,DHANLAXMI BANK LIMITED,9.74,114.59,-,124.33
,,FEDERAL BANK LTD,104.41,"1,462.66",-,"1,567.07"
,,GANESH BANK OF KURUNDWAD LTD,0.04,5.48,7.48,13.00
,,GLOBAL TRUST BANK LIMITED,-,-,-,-
,,HDFC BANK LTD.,984.63,"2,702.55",-,"3,687.18"
,,ICICI BANK LIMITED,"1,675.27","37,555.05","1,006.10","40,236.42"
,,INDUSIND BANK LTD,129.74,719.62,-,849.36
,,ING VYSYA BANK LTD,197.82,"1,320.84",-,"1,518.66"
,,JAMMU & KASHMIR BANK LTD,48.27,"1,787.33",91.35,"1,926.95"
,,KARNATAKA BANK LTD,76.85,854.99,-,931.84
,,KARUR VYSYA BANK LTD,88.08,235.90,-,323.98
,,KOTAK MAHINDRA BANK LTD.,98.69,516.47,-,615.16
,,LAKSHMI VILAS BANK LTD,24.29,130.32,-,154.61
,,LORD KRISHNA BANK LTD,3.07,271.72,-,274.79
,,NAINITAL BANK LTD,0.09,79.67,-,79.76
,,RBL BANK LTD,1.95,40.41,-,42.36
,,SANGLI BANK LTD,2.75,2.26,-,5.01
,,SBI COMMERCIAL & INTERNATIONAL BANK LTD,5.67,6.42,-,12.09
,,SOUTH INDIAN BANK LTD,13.31,638.09,-,651.40
,,TAMILNAD MERCANTILE BANK LTD,13.29,100.26,-,113.55
,,UNITED WESTERN BANK LTD,77.43,406.74,-,484.17
,,YES BANK LTD.,10.50,75.00,-,85.50
,,PRIVATE SECTOR BANKS,"4,156.29","52,131.52","1,145.25","57,433.06"
,,AB BANK LIMITED,-,0.91,-,0.91
,,ABU DHABI COMMERCIAL BANK PJSC,0.74,2.20,-,2.94
,,AMERICAN EXPRESS BANK LTD,0.18,53.45,-,53.63
,,"BANK OF AMERICA , NATIONAL ASSOCIATION",135.06,-,-,135.06
,,BANK OF BAHRAIN & KUWAIT B.S.C.,-,1.46,-,1.46
,,BANK OF CEYLON,-,0.60,-,0.60
,,BANK OF NOVA SCOTIA,27.41,3.49,-,30.90
,,BARCLAYS BANK PLC,-,62.56,-,62.56
,,BNP PARIBAS,10.18,133.00,-,143.18
,,CITIBANK N.A,473.80,"3,658.40",-,"4,132.20"
,,CREDIT AGRICOLE CORPORATE AND INVESTMENT BANK,30.00,15.86,-,45.86
,,CREDIT LYONNAIS,-,-,-,-
,,"CTBC BANK CO., LTD.",-,0.51,-,0.51
,,DBS BANK INDIA LIMITED,-,-,14.73,14.73
,,DEUTSCHE BANK AG,19.72,-,-,19.72
,,HONGKONG AND SHANGHAI BANKING CORPN.LTD.,409.98,"4,423.55",-,"4,833.53"
,,HSBC BANK OMAN S.A.O.G.,-,3.89,-,3.89
,,ING BANK N.V.,-,-,-,-
,,JPMORGAN CHASE BANK NATIONAL ASSOCIATION,-,-,-,-
,,KBC BANK NV,-,-,-,-
,,KRUNG THAI BANK PUBLIC COMPANY LIMITED,-,-,-,-
,,MASHREQ BANK PSC,-,0.61,-,0.61
,,MIZUHO BANK LTD,-,-,-,-
,,"MUFG BANK, LTD.",0.51,8.05,-,8.56
,,PT BANK MAYBANK INDONESIA TBK,-,-,-,-
,,SBM BANK (INDIA) LIMITED,-,12.06,-,12.06
,,SHINHAN BANK,-,-,-,-
,,SOCIETE GENERALE,0.07,-,-,0.07
,,SONALI BANK,-,-,-,-
,,STANDARD CHARTERED BANK,"1,105.94","6,920.49",-,"8,026.43"
,,SUMITOMO MITSUI BANKING CORPORATION,-,-,-,-
,,THE ROYAL BANK OF SCOTLAND PLC,100.04,858.95,-,958.99
,,UFJ BANK LTD,-,-,-,-
,,FOREIGN BANKS,"2,313.63","16,160.04",14.73,"18,488.40"
,2005,ALL SCHEDULED COMMERCIAL BANKS,"15,860.10","145,604.55","2,366.49","163,831.15"
,,,,,,
,See Notes on Tables.,,,,,
